CustomerID,Age,Gender,City,Category,Advertising_Spend,Sales,Income,Purchase_Frequency,Satisfaction_Score,Discount_Applied,Return_Rate,Date_Joined
1001,43.946638207043755,Female,Chennai,Electronics,4089.95,7244.26,22321.61,24.0,5.0,Yes,0.0121,2020-01-01 00:00:00
1002,69.0,Male,Bangalore,Electronics,5316.93,9585.5,60088.07,21.0,5.0,No,0.0284,2020-01-01 08:00:00
1003,46.0,Male,Chennai,Electronics,6800.12,10322.87,35509.43,6.0,4.0,Yes,0.002,2020-01-01 16:00:00
1004,32.0,Male,Hyderabad,Electronics,4262.15,6200.74,32411.28,11.0,3.0,No,0.0459,2020-01-02 00:00:00
1005,60.0,Male,Chennai,Electronics,2185.17,4269.58,24053.41,28.0,1.0,No,0.0207,2020-01-02 08:00:00
1006,25.0,Male,Chennai,Electronics,5929.57,9936.2,25347.75,26.0,3.0,No,0.2987,2020-01-02 16:00:00
1007,38.0,Male,Mumbai,Books,4046.96,8341.25,35509.43,17.0,3.0,Yes,0.0866,2020-01-03 00:00:00
1008,56.0,Male,Chennai,Clothing,3215.5,6754.71,36327.9,10.0,2.913451511991658,No,0.0448,2020-01-03 08:00:00
1009,36.0,Male,Chennai,Clothing,4063.48,8033.43,53694.45,12.0,5.0,No,0.0723,2020-01-03 16:00:00
1010,40.0,Female,Hyderabad,Electronics,4723.21,10321.55,24454.03,17.0,5.0,Yes,0.2808,2020-01-04 00:00:00
1011,28.0,Female,Chennai,Sports,90000.0,7284.09,24589.47,4.0,2.913451511991658,No,0.156,2020-01-04 08:00:00
1012,28.0,Female,Pune,Clothing,1691.65,3693.85,62379.53,2.0,1.0,No,0.1094,2020-01-04 16:00:00
1013,41.0,Female,Pune,Electronics,6345.6,10837.68,18494.19,11.0,4.0,No,0.262,2020-01-05 00:00:00
1014,53.0,Male,Delhi,Food,6912.31,14894.53,29507.3,7.0,3.0,No,0.1185,2020-01-05 08:00:00
1015,57.0,Male,Mumbai,Electronics,5977.28,12742.74,36938.65,2.0,1.0,No,0.1005,2020-01-05 16:00:00
1016,41.0,Female,Hyderabad,Electronics,3293.47,5940.13,38395.15,26.0,1.0,Yes,0.0622,2020-01-06 00:00:00
1017,20.0,Female,Chennai,Clothing,4697.76,8842.55,33204.92,18.0,2.0,No,0.1133,2020-01-06 08:00:00
1018,39.0,Female,Pune,Books,4990.22,10341.69,44263.24,21.0,4.0,No,0.095,2020-01-06 16:00:00
1019,19.0,Male,Chennai,Clothing,5898.19,10469.6,51350.39,4.0,3.0,Yes,0.2032,2020-01-07 00:00:00
1020,41.0,Male,Delhi,Food,6002.51,10147.89,52434.43,8.0,4.0,No,0.0869,2020-01-07 08:00:00
1021,61.0,Male,Hyderabad,Sports,3898.74,7891.72,22183.37,20.0,2.0,No,0.1732,2020-01-07 16:00:00
1022,47.0,Male,Pune,Electronics,5122.99,9299.82,35509.43,14.0,5.0,No,0.0198,2020-01-08 00:00:00
1023,55.0,Female,Chennai,Electronics,5685.92,10417.65,65998.11,12.0,1.0,Yes,0.0574,2020-01-08 08:00:00
1024,19.0,Female,Mumbai,Clothing,7183.73,12096.44,56801.82,22.0,3.0,Yes,0.1222,2020-01-08 16:00:00
1025,38.0,Male,Delhi,Clothing,6056.76,9184.5,18280.14,21.0,5.0,No,0.2811,2020-01-09 00:00:00
1026,50.0,Other,Hyderabad,Clothing,6183.59,200000.0,43292.73,27.0,2.0,Yes,0.1132,2020-01-09 08:00:00
1027,29.0,Female,Delhi,Sports,5125.74,10131.29,13505.97,18.0,4.0,No,0.1992,2020-01-09 16:00:00
1028,39.0,Male,Mumbai,Food,7115.69,12582.44,35509.43,11.0,1.0,Yes,0.0765,2020-01-10 00:00:00
1029,61.0,Male,Hyderabad,Food,5614.64,11542.78,93796.56,29.0,3.0,Yes,0.0381,2020-01-10 08:00:00
1030,42.0,Male,Delhi,Electronics,3708.37,5971.15,22607.88,28.0,5.0,No,0.0176,2020-01-10 16:00:00
1031,66.0,Male,Bangalore,Books,7105.05,11734.39,23928.81,8.0,5.0,Yes,0.0916,2020-01-11 00:00:00
1032,44.0,Male,Mumbai,Sports,6046.85,10817.1,53210.71,2.0,1.0,No,0.0473,2020-01-11 08:00:00
1033,59.0,Male,Mumbai,Books,4335.43,7721.18,16791.02,25.0,4.0,No,0.0522,2020-01-11 16:00:00
1034,45.0,Male,Mumbai,Electronics,4280.76,8475.34,26466.17,15.0,2.0,Yes,0.2282,2020-01-12 00:00:00
1035,33.0,Male,Bangalore,Food,5444.86,9025.79,48933.65,9.0,4.0,Yes,0.0048,2020-01-12 08:00:00
1036,32.0,Female,Bangalore,Electronics,5694.78,11618.7,26445.92,19.0,2.913451511991658,No,0.1673,2020-01-12 16:00:00
1037,64.0,Male,Chennai,Electronics,5295.94,11499.61,32273.93,20.0,4.0,Yes,0.1138,2020-01-13 00:00:00
1038,68.0,Female,Pune,Electronics,5466.96,9801.38,52685.36,8.0,1.0,No,0.152,2020-01-13 08:00:00
1039,61.0,Male,Delhi,Food,7549.94,14839.6,44836.29,25.0,1.0,No,0.1688,2020-01-13 16:00:00
1040,43.946638207043755,Other,Chennai,Food,6607.31,10836.66,41498.36,19.0,2.0,No,0.094,2020-01-14 00:00:00
1041,20.0,Male,Delhi,Electronics,5285.95,10589.93,35509.43,5.0,4.0,No,0.0885,2020-01-14 08:00:00
1042,54.0,Male,Pune,Clothing,6411.97,12588.82,43696.82,11.0,1.0,No,0.22,2020-01-14 16:00:00
1043,68.0,Other,Bangalore,Clothing,3451.21,7075.62,34136.88,15.0,2.0,No,0.2614,2020-01-15 00:00:00
1044,24.0,Female,Pune,Clothing,5596.89,10058.84,45656.57,8.0,2.0,Yes,0.0578,2020-01-15 08:00:00
1045,38.0,Female,Bangalore,Electronics,7713.96,10930.88,28325.96,19.0,4.0,Yes,0.0293,2020-01-15 16:00:00
1046,26.0,Male,Chennai,Clothing,4672.93,7769.55,33147.27,23.0,3.0,Yes,0.2693,2020-01-16 00:00:00
1047,56.0,Male,Chennai,Food,3728.55,6085.47,22137.34,27.0,4.0,No,0.105,2020-01-16 08:00:00
1048,35.0,Female,Hyderabad,Electronics,4021.87,6261.11,35685.37,8.0,3.0,No,0.1654,2020-01-16 16:00:00
1049,43.946638207043755,Female,Chennai,Electronics,3365.55,6180.23,24209.48,26.0,2.0,No,0.1079,2020-01-17 00:00:00
1050,42.0,Female,Delhi,Clothing,3822.86,6462.18,20805.59,27.0,1.0,Yes,0.0377,2020-01-17 08:00:00
1051,31.0,Female,Chennai,Sports,4444.24,7175.02,5000000.0,19.0,5.0,No,0.1768,2020-01-17 16:00:00
1052,67.0,Male,Mumbai,Food,2891.65,4146.17,40391.31,18.0,2.0,No,0.1575,2020-01-18 00:00:00
1053,26.0,Female,Delhi,Food,5023.43,8326.66,53714.43,10.0,1.0,Yes,0.0609,2020-01-18 08:00:00
1054,43.946638207043755,Male,Pune,Clothing,6353.42,12557.66,29273.48,29.0,2.0,No,0.1356,2020-01-18 16:00:00
1055,19.0,Male,Delhi,Clothing,3638.37,5888.04,44534.81,7.0,4.0,Yes,0.2391,2020-01-19 00:00:00
1056,37.0,Male,Hyderabad,Electronics,7278.93,12587.14,47829.54,28.0,3.0,No,0.1771,2020-01-19 08:00:00
1057,45.0,Female,Bangalore,Food,5766.19,9922.44,45360.04,9.0,2.0,Yes,0.0291,2020-01-19 16:00:00
1058,64.0,Male,Chennai,Sports,6545.87,12121.56,24032.76,1.0,1.0,No,0.1644,2020-01-20 00:00:00
1059,24.0,Male,Delhi,Food,4013.25,7680.1,39131.45,19.0,4.0,No,0.2108,2020-01-20 08:00:00
1060,61.0,Female,Pune,Books,6281.79,8262.57,43567.65,5.0,5.0,No,0.2378,2020-01-20 16:00:00
1061,25.0,Male,Pune,Food,3362.1,7073.42,35509.43,19.0,4.0,No,0.1887,2020-01-21 00:00:00
1062,64.0,Female,Pune,Electronics,6335.37,12840.03,12794.38,1.0,3.0,No,0.0458,2020-01-21 08:00:00
1063,52.0,Male,Bangalore,Sports,5257.76,8413.78,39349.75,15.0,4.0,No,0.2131,2020-01-21 16:00:00
1064,31.0,Male,Chennai,Electronics,5829.88,9521.49,35509.43,16.0,5.0,No,0.2032,2020-01-22 00:00:00
1065,34.0,Female,Pune,Clothing,3236.61,5375.64,30332.66,23.0,1.0,Yes,0.0073,2020-01-22 08:00:00
1066,53.0,Male,Mumbai,Electronics,3657.4,5827.32,25234.35,7.0,2.0,No,0.1235,2020-01-22 16:00:00
1067,67.0,Male,Hyderabad,Electronics,5895.84,10836.44,43768.7,26.0,3.0,Yes,0.0999,2020-01-23 00:00:00
1068,57.0,Male,Bangalore,Clothing,3577.48,4492.94,35509.43,12.0,5.0,Yes,0.2008,2020-01-23 08:00:00
1069,21.0,Male,Delhi,Electronics,5694.81,9132.73,65931.23,8.0,3.0,No,0.0648,2020-01-23 16:00:00
1070,19.0,Other,Bangalore,Clothing,2949.29,6847.92,19361.97,5.0,4.0,No,0.1773,2020-01-24 00:00:00
1071,23.0,Male,Delhi,Clothing,6272.26,10361.85,52349.11,10.0,3.0,Yes,0.274,2020-01-24 08:00:00
1072,43.946638207043755,Female,Bangalore,Electronics,3151.22,6915.62,48786.6,28.0,5.0,No,0.2393,2020-01-24 16:00:00
1073,21.0,Male,Delhi,Electronics,5828.45,10846.55,33824.03,21.0,2.0,No,0.2764,2020-01-25 00:00:00
1074,46.0,Female,Pune,Clothing,5938.45,8879.94,43016.7,5.0,2.0,No,0.2936,2020-01-25 08:00:00
1075,35.0,Female,Chennai,Electronics,3954.84,7754.04,60762.54,17.0,3.0,Yes,0.0032,2020-01-25 16:00:00
1076,150.0,Female,Delhi,Food,5873.04,10453.8,35509.43,26.0,1.0,No,0.1868,2020-01-26 00:00:00
1077,61.0,Male,Chennai,Food,5390.66,9247.72,20506.36,5.0,3.0,Yes,0.1239,2020-01-26 08:00:00
1078,51.0,Male,Mumbai,Books,4191.74,7790.09,54725.17,22.0,2.913451511991658,No,0.258,2020-01-26 16:00:00
1079,27.0,Male,Delhi,Food,3487.17,6751.54,35159.7,15.0,2.0,Yes,0.0755,2020-01-27 00:00:00
1080,53.0,Female,Mumbai,Clothing,2056.06,4408.5,37663.14,13.0,2.0,Yes,0.2943,2020-01-27 08:00:00
1081,31.0,Female,Hyderabad,Food,5524.48,11122.32,37669.22,28.0,2.0,No,0.1841,2020-01-27 16:00:00
1082,48.0,Other,Pune,Electronics,2652.8,5183.18,33687.38,1.0,1.0,No,0.2381,2020-01-28 00:00:00
1083,65.0,Male,Mumbai,Electronics,5143.02,7881.8,65897.37,11.0,1.0,Yes,0.0257,2020-01-28 08:00:00
1084,32.0,Female,Chennai,Food,4604.83,7815.05,34826.75,23.0,5.0,Yes,0.055,2020-01-28 16:00:00
1085,25.0,Female,Pune,Clothing,6018.71,13776.73,20748.45,1.0,3.0,No,0.2275,2020-01-29 00:00:00
1086,31.0,Male,Mumbai,Food,4546.93,8908.97,29828.96,11.0,3.0,Yes,0.0066,2020-01-29 08:00:00
1087,40.0,Male,Pune,Books,4505.83,10479.78,39709.56,18.0,4.0,No,0.2451,2020-01-29 16:00:00
1088,57.0,Female,Pune,Books,6097.81,12371.49,35509.43,18.0,2.0,Yes,0.0042,2020-01-30 00:00:00
1089,43.946638207043755,Female,Pune,Sports,5502.59,10146.46,49096.71,21.0,1.0,Yes,0.1971,2020-01-30 08:00:00
1090,33.0,Female,Hyderabad,Clothing,5474.23,10155.02,23735.62,26.0,4.0,Yes,0.1095,2020-01-30 16:00:00
1091,43.946638207043755,Male,Chennai,Electronics,5703.9,10230.44,125818.41,16.0,4.0,No,0.1834,2020-01-31 00:00:00
1092,35.0,Female,Bangalore,Clothing,2696.64,3116.15,41455.99,13.0,1.0,Yes,0.2088,2020-01-31 08:00:00
1093,64.0,Male,Bangalore,Clothing,6135.18,11061.37,68713.12,7.0,3.0,Yes,0.1027,2020-01-31 16:00:00
1094,41.0,Male,Mumbai,Food,5918.7,11864.33,33662.6,1.0,2.0,No,0.0324,2020-02-01 00:00:00
1095,43.0,Male,Pune,Food,3474.98,5655.32,47414.32,26.0,3.0,No,0.0209,2020-02-01 08:00:00
1096,42.0,Female,Mumbai,Food,4633.88,8752.94,55256.11,16.0,4.0,Yes,0.1767,2020-02-01 16:00:00
1097,62.0,Female,Hyderabad,Clothing,4941.04,9745.46,66775.89,1.0,2.0,No,0.1562,2020-02-02 00:00:00
1098,58.0,Female,Hyderabad,Electronics,4798.25,7727.17,61616.45,17.0,5.0,No,0.2227,2020-02-02 08:00:00
1099,46.0,Male,Delhi,Clothing,5500.79,9450.12,35509.43,6.0,4.0,Yes,0.1529,2020-02-02 16:00:00
1100,32.0,Female,Hyderabad,Electronics,7147.05,11846.78,31022.15,2.0,3.0,Yes,0.1267,2020-02-03 00:00:00
1101,62.0,Male,Chennai,Books,6622.65,11098.6,27285.94,17.0,3.0,No,0.1194,2020-02-03 08:00:00
1102,18.0,Female,Chennai,Electronics,3031.67,4169.4,42886.13,6.0,3.0,No,0.0079,2020-02-03 16:00:00
1103,43.946638207043755,Male,Mumbai,Electronics,5933.1,9779.13,57905.29,14.0,1.0,No,0.1007,2020-02-04 00:00:00
1104,24.0,Male,Chennai,Electronics,6993.4,14007.58,32488.44,18.0,4.0,Yes,0.2928,2020-02-04 08:00:00
1105,26.0,Male,Hyderabad,Food,5580.21,9128.9,61857.34,6.0,2.0,Yes,0.2621,2020-02-04 16:00:00
1106,41.0,Male,Chennai,Food,6636.47,12072.11,75079.92,10.0,3.0,No,0.0988,2020-02-05 00:00:00
1107,18.0,Female,Chennai,Electronics,8018.41,13930.27,22967.59,24.0,3.0,Yes,0.1763,2020-02-05 08:00:00
1108,61.0,Female,Chennai,Electronics,6535.56,12942.87,23897.75,18.0,1.0,No,0.2542,2020-02-05 16:00:00
1109,25.0,Male,Hyderabad,Clothing,5373.96,10984.29,33854.0,27.0,2.0,No,0.1324,2020-02-06 00:00:00
1110,41.0,Female,Pune,Electronics,6567.63,12685.8,42353.5,9.0,4.0,Yes,0.0054,2020-02-06 08:00:00
1111,28.0,Male,Chennai,Food,5217.33,9697.33,27937.26,8.0,5.0,No,0.0224,2020-02-06 16:00:00
1112,68.0,Female,Delhi,Food,5035.85,8833.47,71403.44,28.0,1.0,No,0.1531,2020-02-07 00:00:00
1113,34.0,Female,Hyderabad,Clothing,4472.88,6859.31,44892.83,10.0,4.0,No,0.2908,2020-02-07 08:00:00
1114,25.0,Female,Chennai,Electronics,7345.12,15164.74,37038.88,17.0,5.0,Yes,0.208,2020-02-07 16:00:00
1115,52.0,Male,Pune,Sports,3772.36,6030.57,35509.43,23.0,3.0,Yes,0.0213,2020-02-08 00:00:00
1116,52.0,Female,Hyderabad,Clothing,7298.55,13801.04,18809.03,29.0,3.0,No,0.0568,2020-02-08 08:00:00
1117,50.0,Female,Bangalore,Food,5749.8,11409.21,41793.86,26.0,2.0,Yes,0.2314,2020-02-08 16:00:00
1118,22.0,Male,Pune,Electronics,2901.04,4666.59,12502.73,6.0,5.0,No,0.2524,2020-02-09 00:00:00
1119,43.946638207043755,Male,Delhi,Clothing,5551.47,11030.66,35509.43,14.0,3.0,Yes,0.1853,2020-02-09 08:00:00
1120,56.0,Female,Chennai,Electronics,1849.96,4094.14,33554.39,22.0,3.0,No,0.1933,2020-02-09 16:00:00
1121,58.0,Female,Bangalore,Clothing,5938.26,12416.83,183789.52,22.0,2.0,Yes,0.0085,2020-02-10 00:00:00
1122,45.0,Female,Bangalore,Sports,6327.85,10920.78,115146.23,6.0,4.0,No,0.2486,2020-02-10 08:00:00
1123,43.946638207043755,Female,Hyderabad,Clothing,4111.47,6114.78,35509.43,26.0,3.0,Yes,0.2365,2020-02-10 16:00:00
1124,26.0,Female,Bangalore,Electronics,5185.32,8828.09,35509.43,7.0,1.0,No,0.0777,2020-02-11 00:00:00
1125,25.0,Male,Delhi,Electronics,7931.24,14485.09,59742.01,12.0,1.0,Yes,0.2126,2020-02-11 08:00:00
1126,29.0,Male,Delhi,Clothing,4241.38,7692.7,35509.43,3.0,4.0,No,0.0645,2020-02-11 16:00:00
1127,51.0,Male,Mumbai,Electronics,3411.64,5747.51,16010.27,14.0,5.0,Yes,0.0121,2020-02-12 00:00:00
1128,50.0,Female,Delhi,Electronics,7222.5,11091.3,14865.71,22.0,2.0,No,0.0603,2020-02-12 08:00:00
1129,65.0,Male,Pune,Food,7943.88,14769.47,26608.41,19.0,1.0,No,0.0536,2020-02-12 16:00:00
1130,40.0,Female,Bangalore,Clothing,5005.54,10982.32,48599.51,23.0,1.0,Yes,0.1013,2020-02-13 00:00:00
1131,41.0,Female,Delhi,Electronics,6517.19,12195.19,46557.19,16.0,4.0,No,0.1255,2020-02-13 08:00:00
1132,54.0,Female,Hyderabad,Sports,7012.21,13231.11,61999.76,7.0,5.0,Yes,0.1526,2020-02-13 16:00:00
1133,43.946638207043755,Male,Mumbai,Electronics,3886.27,7567.73,19933.38,8.0,5.0,No,0.143,2020-02-14 00:00:00
1134,61.0,Female,Bangalore,Sports,4272.04,8086.72,11406.38,18.0,4.0,No,0.0812,2020-02-14 08:00:00
1135,57.0,Male,Mumbai,Electronics,6846.31,13255.02,35509.43,25.0,1.0,Yes,0.0088,2020-02-14 16:00:00
1136,39.0,Female,Bangalore,Books,7527.52,13944.91,24002.23,13.0,2.0,Yes,0.1815,2020-02-15 00:00:00
1137,44.0,Male,Hyderabad,Food,5844.32,10207.1,13236.8,21.0,1.0,Yes,0.1187,2020-02-15 08:00:00
1138,52.0,Male,Mumbai,Books,3680.28,5828.52,39047.41,9.0,5.0,No,0.0896,2020-02-15 16:00:00
1139,43.946638207043755,Female,Chennai,Sports,7980.59,14116.09,35509.43,10.0,1.0,Yes,0.2601,2020-02-16 00:00:00
1140,43.946638207043755,Male,Pune,Electronics,4203.54,7880.5,35509.43,21.0,2.0,No,0.224,2020-02-16 08:00:00
1141,54.0,Male,Chennai,Sports,4497.29,7779.04,28884.95,23.0,3.0,No,0.2573,2020-02-16 16:00:00
1142,64.0,Female,Bangalore,Clothing,5513.51,10238.66,33534.13,27.0,1.0,No,0.1485,2020-02-17 00:00:00
1143,31.0,Female,Chennai,Clothing,7331.24,13635.38,30173.18,9.0,4.0,Yes,0.0393,2020-02-17 08:00:00
1144,20.0,Female,Chennai,Electronics,6280.96,12138.91,18508.33,15.0,2.913451511991658,No,0.2089,2020-02-17 16:00:00
1145,18.0,Female,Chennai,Clothing,5622.3,11402.93,25403.94,20.0,4.0,No,0.0618,2020-02-18 00:00:00
1146,22.0,Female,Chennai,Electronics,5694.93,10328.88,47128.82,2.0,4.0,No,0.1324,2020-02-18 08:00:00
1147,43.0,Male,Mumbai,Clothing,5065.27,7809.71,42652.42,25.0,4.0,Yes,0.0195,2020-02-18 16:00:00
1148,31.0,Male,Hyderabad,Clothing,5837.21,10161.87,39498.97,13.0,2.913451511991658,Yes,0.2476,2020-02-19 00:00:00
1149,56.0,Male,Chennai,Food,1205.66,2214.25,22079.96,2.0,5.0,Yes,0.0378,2020-02-19 08:00:00
1150,44.0,Female,Chennai,Books,4555.09,6363.39,33164.93,19.0,3.0,No,0.2709,2020-02-19 16:00:00
1151,26.0,Female,Hyderabad,Clothing,5361.98,11040.23,12227.8,26.0,2.0,Yes,0.2593,2020-02-20 00:00:00
1152,43.946638207043755,Male,Chennai,Electronics,3273.48,6034.64,39705.24,2.0,5.0,No,0.1394,2020-02-20 08:00:00
1153,32.0,Male,Chennai,Electronics,5579.48,10424.42,35509.43,3.0,1.0,Yes,0.2233,2020-02-20 16:00:00
1154,43.0,Female,Chennai,Electronics,4693.29,9813.45,17377.54,6.0,4.0,No,0.1858,2020-02-21 00:00:00
1155,59.0,Male,Pune,Electronics,7633.21,13109.64,27093.15,3.0,2.0,No,0.2409,2020-02-21 08:00:00
1156,30.0,Female,Delhi,Electronics,7359.53,13821.2,42811.13,10.0,3.0,No,0.1295,2020-02-21 16:00:00
1157,68.0,Female,Chennai,Electronics,4301.29,7632.46,67942.79,24.0,2.913451511991658,Yes,0.2357,2020-02-22 00:00:00
1158,49.0,Female,Chennai,Sports,4773.74,8408.65,29024.27,27.0,2.913451511991658,Yes,0.1387,2020-02-22 08:00:00
1159,56.0,Male,Pune,Clothing,4889.08,8028.15,25690.46,6.0,2.0,Yes,0.2823,2020-02-22 16:00:00
1160,66.0,Female,Hyderabad,Electronics,4322.51,9446.12,13568.94,23.0,1.0,Yes,0.1459,2020-02-23 00:00:00
1161,69.0,Female,Bangalore,Clothing,5292.54,9151.07,38243.12,16.0,3.0,No,0.1388,2020-02-23 08:00:00
1162,49.0,Female,Bangalore,Electronics,3862.58,7652.11,100814.56,17.0,2.0,No,0.2355,2020-02-23 16:00:00
1163,21.0,Female,Chennai,Clothing,3304.08,4072.34,41717.64,19.0,4.0,No,0.2465,2020-02-24 00:00:00
1164,47.0,Female,Pune,Food,5934.07,11861.31,35913.21,3.0,3.0,Yes,0.1663,2020-02-24 08:00:00
1165,54.0,Female,Pune,Clothing,5944.29,11751.93,35509.43,18.0,5.0,No,0.0539,2020-02-24 16:00:00
1166,40.0,Male,Hyderabad,Clothing,3793.53,6925.79,36114.65,7.0,2.0,No,0.1403,2020-02-25 00:00:00
1167,56.0,Female,Hyderabad,Sports,6343.03,11190.51,24185.12,9.0,5.0,No,0.2904,2020-02-25 08:00:00
1168,62.0,Female,Pune,Books,4052.63,7694.73,54810.66,20.0,5.0,Yes,0.2259,2020-02-25 16:00:00
1169,32.0,Male,Hyderabad,Food,5379.75,11972.34,40655.15,12.0,5.0,No,0.2433,2020-02-26 00:00:00
1170,60.0,Female,Chennai,Clothing,6230.52,9451.7,35509.43,5.0,1.0,No,0.0098,2020-02-26 08:00:00
1171,46.0,Female,Delhi,Food,4949.58,9691.27,22299.44,3.0,5.0,No,0.1404,2020-02-26 16:00:00
1172,53.0,Female,Pune,Electronics,5682.11,9316.18,69685.95,11.0,4.0,No,0.194,2020-02-27 00:00:00
1173,43.946638207043755,Male,Bangalore,Clothing,4225.36,7585.73,50632.62,25.0,4.0,Yes,0.249,2020-02-27 08:00:00
1174,49.0,Male,Hyderabad,Electronics,4705.3,8221.66,27543.99,4.0,3.0,Yes,0.0148,2020-02-27 16:00:00
1175,24.0,Other,Pune,Clothing,4691.21,8015.86,35509.43,5.0,5.0,No,0.2557,2020-02-28 00:00:00
1176,68.0,Female,Chennai,Clothing,3880.13,6973.77,28316.91,1.0,5.0,No,0.1645,2020-02-28 08:00:00
1177,39.0,Male,Hyderabad,Electronics,4734.84,7388.54,24563.04,27.0,2.0,Yes,0.0592,2020-02-28 16:00:00
1178,45.0,Female,Delhi,Sports,2677.07,5847.91,24838.46,28.0,1.0,No,0.0952,2020-02-29 00:00:00
1179,19.0,Female,Delhi,Sports,4263.27,5879.74,14979.92,29.0,3.0,No,0.0846,2020-02-29 08:00:00
1180,59.0,Female,Hyderabad,Food,4572.69,8770.61,45971.24,18.0,5.0,No,0.1593,2020-02-29 16:00:00
1181,62.0,Female,Mumbai,Clothing,4615.73,7981.78,14536.64,12.0,2.0,Yes,0.0155,2020-03-01 00:00:00
1182,23.0,Male,Hyderabad,Books,4637.75,7177.03,19648.93,13.0,1.0,No,0.0476,2020-03-01 08:00:00
1183,45.0,Male,Chennai,Electronics,4907.35,9035.61,12864.23,9.0,3.0,No,0.2438,2020-03-01 16:00:00
1184,45.0,Male,Delhi,Food,5719.16,8737.54,34785.82,2.0,3.0,No,0.0398,2020-03-02 00:00:00
1185,61.0,Female,Delhi,Electronics,6311.78,11400.92,33686.07,5.0,5.0,No,0.07,2020-03-02 08:00:00
1186,61.0,Male,Hyderabad,Food,4025.35,5822.75,30842.59,13.0,3.0,No,0.136,2020-03-02 16:00:00
1187,37.0,Male,Hyderabad,Electronics,3195.2,6212.63,21562.5,16.0,2.0,No,0.1551,2020-03-03 00:00:00
1188,47.0,Male,Hyderabad,Books,3436.93,5262.12,20209.0,16.0,3.0,Yes,0.2291,2020-03-03 08:00:00
1189,28.0,Female,Delhi,Sports,4269.2,7233.57,45806.67,24.0,4.0,No,0.1342,2020-03-03 16:00:00
1190,45.0,Female,Hyderabad,Electronics,4472.12,8343.77,27576.63,3.0,2.0,No,0.237,2020-03-04 00:00:00
1191,42.0,Male,Chennai,Clothing,3845.01,6148.48,42539.11,22.0,1.0,Yes,0.1855,2020-03-04 08:00:00
1192,56.0,Male,Chennai,Sports,3055.83,5442.53,23327.21,4.0,1.0,No,0.0339,2020-03-04 16:00:00
1193,50.0,Female,Mumbai,Clothing,4315.82,6254.65,39756.61,11.0,5.0,No,0.0469,2020-03-05 00:00:00
1194,18.0,Male,Bangalore,Books,5272.14,10120.73,69677.94,23.0,5.0,No,0.1311,2020-03-05 08:00:00
1195,44.0,Male,Mumbai,Clothing,5892.54,12371.49,48682.89,26.0,4.0,Yes,0.1191,2020-03-05 16:00:00
1196,69.0,Male,Chennai,Clothing,4163.87,10287.17,29548.64,14.0,1.0,No,0.2231,2020-03-06 00:00:00
1197,30.0,Male,Bangalore,Electronics,4380.5,7976.07,41299.24,29.0,1.0,Yes,0.1742,2020-03-06 08:00:00
1198,58.0,Male,Hyderabad,Electronics,3609.95,7286.11,32198.25,3.0,1.0,Yes,0.1164,2020-03-06 16:00:00
1199,20.0,Male,Chennai,Food,4952.84,7134.49,36458.87,16.0,1.0,No,0.0512,2020-03-07 00:00:00
1200,56.0,Male,Hyderabad,Clothing,3727.36,8211.98,30859.33,22.0,3.0,No,0.0681,2020-03-07 08:00:00
1201,23.0,Female,Delhi,Clothing,5859.69,11323.67,33450.85,15.0,2.0,No,0.1727,2020-03-07 16:00:00
1202,25.0,Male,Pune,Clothing,2321.2,3694.23,40378.26,28.0,2.0,Yes,0.127,2020-03-08 00:00:00
1203,44.0,Female,Chennai,Clothing,4460.56,9266.19,22099.73,10.0,2.913451511991658,No,0.1545,2020-03-08 08:00:00
1204,26.0,Female,Delhi,Books,5451.66,9558.51,21852.28,9.0,3.0,Yes,0.0512,2020-03-08 16:00:00
1205,54.0,Male,Chennai,Sports,5275.75,9038.32,18137.35,11.0,1.0,No,0.1989,2020-03-09 00:00:00
1206,50.0,Female,Chennai,Clothing,9039.55,16746.52,16315.4,16.0,1.0,No,0.2558,2020-03-09 08:00:00
1207,68.0,Male,Delhi,Books,5524.7,8881.11,19758.89,10.0,5.0,No,0.0774,2020-03-09 16:00:00
1208,59.0,Other,Chennai,Food,3493.92,7310.68,39329.54,17.0,5.0,Yes,0.1475,2020-03-10 00:00:00
1209,43.946638207043755,Male,Mumbai,Clothing,4856.8,7686.25,23239.44,19.0,2.913451511991658,Yes,0.2927,2020-03-10 08:00:00
1210,41.0,Male,Hyderabad,Sports,2335.63,3154.08,46948.53,2.0,1.0,No,0.1,2020-03-10 16:00:00
1211,32.0,Male,Chennai,Electronics,4879.1,7872.69,36951.33,24.0,4.0,Yes,0.1785,2020-03-11 00:00:00
1212,49.0,Other,Hyderabad,Electronics,3750.42,7510.26,13571.78,23.0,3.0,No,0.0271,2020-03-11 08:00:00
1213,49.0,Female,Pune,Books,6373.09,10854.79,50386.97,2.0,2.913451511991658,No,0.1818,2020-03-11 16:00:00
1214,41.0,Female,Delhi,Clothing,4175.69,6168.25,54469.67,6.0,2.913451511991658,Yes,0.0269,2020-03-12 00:00:00
1215,58.0,Male,Hyderabad,Books,4824.85,8079.05,22094.16,19.0,3.0,No,0.2878,2020-03-12 08:00:00
1216,69.0,Female,Delhi,Books,4046.66,7251.95,44805.93,8.0,1.0,No,0.2147,2020-03-12 16:00:00
1217,66.0,Male,Hyderabad,Electronics,7608.28,12513.93,23664.96,26.0,5.0,Yes,0.2364,2020-03-13 00:00:00
1218,66.0,Female,Mumbai,Books,4518.14,6980.97,35509.43,29.0,4.0,Yes,0.2112,2020-03-13 08:00:00
1219,69.0,Male,Mumbai,Clothing,7748.84,16059.21,19297.89,3.0,5.0,Yes,0.1769,2020-03-13 16:00:00
1220,29.0,Male,Mumbai,Clothing,6221.23,10337.65,14815.76,26.0,2.0,No,0.135,2020-03-14 00:00:00
1221,56.0,Male,Mumbai,Food,5723.1,9978.54,29989.16,14.0,5.0,No,0.2575,2020-03-14 08:00:00
1222,19.0,Male,Mumbai,Sports,5553.1,9628.34,34136.95,25.0,1.0,Yes,0.2871,2020-03-14 16:00:00
1223,20.0,Female,Mumbai,Electronics,5590.7,9641.9,29767.13,16.0,5.0,Yes,0.1497,2020-03-15 00:00:00
1224,66.0,Male,Delhi,Clothing,2108.49,4416.63,20090.15,1.0,1.0,No,0.2795,2020-03-15 08:00:00
1225,54.0,Female,Chennai,Food,4581.67,9195.15,35509.43,21.0,2.0,No,0.175,2020-03-15 16:00:00
1226,66.0,Male,Hyderabad,Food,6267.74,10975.98,41549.77,3.0,5.0,No,0.1615,2020-03-16 00:00:00
1227,34.0,Female,Mumbai,Food,4926.65,7631.49,35509.43,22.0,4.0,Yes,0.1363,2020-03-16 08:00:00
1228,66.0,Male,Chennai,Electronics,2892.22,6480.44,39785.21,26.0,4.0,Yes,0.0628,2020-03-16 16:00:00
1229,19.0,Male,Delhi,Electronics,4921.39,8763.16,25976.37,18.0,2.913451511991658,No,0.0011,2020-03-17 00:00:00
1230,19.0,Female,Chennai,Clothing,7556.16,15331.41,65242.02,9.0,5.0,No,0.0725,2020-03-17 08:00:00
1231,45.0,Male,Chennai,Books,6870.34,10121.03,20169.23,6.0,5.0,Yes,0.1529,2020-03-17 16:00:00
1232,40.0,Male,Hyderabad,Electronics,4906.99,9027.99,46340.9,23.0,5.0,No,0.114,2020-03-18 00:00:00
1233,54.0,Female,Chennai,Electronics,6427.17,13487.51,65574.72,21.0,1.0,No,0.1345,2020-03-18 08:00:00
1234,49.0,Female,Bangalore,Sports,4450.24,7657.17,46187.02,25.0,2.0,No,0.2942,2020-03-18 16:00:00
1235,50.0,Male,Delhi,Electronics,2444.19,4174.05,32818.18,1.0,4.0,Yes,0.1051,2020-03-19 00:00:00
1236,18.0,Male,Bangalore,Sports,3613.3,6799.45,27885.2,21.0,1.0,No,0.1357,2020-03-19 08:00:00
1237,36.0,Female,Pune,Food,7344.33,12661.0,60964.31,27.0,2.913451511991658,No,0.0401,2020-03-19 16:00:00
1238,19.0,Male,Mumbai,Books,4589.01,7948.15,17827.77,10.0,1.0,No,0.0144,2020-03-20 00:00:00
1239,61.0,Male,Mumbai,Electronics,4634.92,8005.04,22357.96,27.0,5.0,Yes,0.2326,2020-03-20 08:00:00
1240,43.0,Male,Chennai,Electronics,4550.24,7563.01,29768.95,6.0,4.0,Yes,0.1712,2020-03-20 16:00:00
1241,49.0,Female,Hyderabad,Food,7856.2,15370.02,67428.76,23.0,5.0,Yes,0.2282,2020-03-21 00:00:00
1242,23.0,Female,Bangalore,Books,7438.94,13851.17,43909.41,12.0,4.0,No,0.045,2020-03-21 08:00:00
1243,49.0,Male,Hyderabad,Food,8328.17,15241.33,22381.21,4.0,3.0,Yes,0.1715,2020-03-21 16:00:00
1244,21.0,Male,Chennai,Electronics,4761.43,9379.15,31096.36,28.0,1.0,No,0.0761,2020-03-22 00:00:00
1245,28.0,Male,Mumbai,Food,5443.44,9533.84,26711.21,13.0,3.0,Yes,0.0684,2020-03-22 08:00:00
1246,34.0,Female,Hyderabad,Food,2725.04,4130.87,25466.15,17.0,1.0,No,0.0035,2020-03-22 16:00:00
1247,55.0,Male,Hyderabad,Food,7215.4,12385.1,59245.48,27.0,2.0,No,0.0391,2020-03-23 00:00:00
1248,41.0,Male,Mumbai,Food,3248.33,5848.78,18290.34,8.0,4.0,Yes,0.0928,2020-03-23 08:00:00
1249,22.0,Female,Bangalore,Books,5325.16,8526.08,35509.43,26.0,2.0,Yes,0.0351,2020-03-23 16:00:00
1250,69.0,Male,Chennai,Food,3354.05,5537.03,54946.48,20.0,2.0,Yes,0.2958,2020-03-24 00:00:00
1251,51.0,Female,Hyderabad,Electronics,4116.7,6893.94,62657.01,3.0,1.0,No,0.0926,2020-03-24 08:00:00
1252,23.0,Male,Bangalore,Clothing,3744.11,8863.95,28811.51,12.0,3.0,No,0.0391,2020-03-24 16:00:00
1253,39.0,Male,Bangalore,Electronics,4088.19,4584.93,33692.47,7.0,2.913451511991658,Yes,0.0597,2020-03-25 00:00:00
1254,28.0,Male,Mumbai,Clothing,4191.32,7364.76,17737.28,12.0,1.0,No,0.1763,2020-03-25 08:00:00
1255,65.0,Female,Hyderabad,Clothing,4177.6,9245.37,35509.43,2.0,5.0,Yes,0.0192,2020-03-25 16:00:00
1256,33.0,Female,Chennai,Electronics,6250.0,11371.84,46482.33,24.0,2.0,Yes,0.2587,2020-03-26 00:00:00
1257,50.0,Female,Hyderabad,Electronics,3342.71,6770.3,69427.03,14.0,5.0,Yes,0.2884,2020-03-26 08:00:00
1258,26.0,Male,Delhi,Electronics,5330.81,9695.28,35509.43,22.0,2.913451511991658,No,0.074,2020-03-26 16:00:00
1259,23.0,Female,Pune,Books,6826.94,11621.16,30249.87,23.0,1.0,Yes,0.135,2020-03-27 00:00:00
1260,33.0,Male,Chennai,Sports,4230.21,5372.46,33669.59,5.0,3.0,Yes,0.0066,2020-03-27 08:00:00
1261,46.0,Male,Bangalore,Electronics,3923.12,7267.07,18071.75,9.0,3.0,Yes,0.1922,2020-03-27 16:00:00
1262,20.0,Female,Chennai,Sports,4654.21,7601.97,48809.23,21.0,1.0,Yes,0.1242,2020-03-28 00:00:00
1263,37.0,Male,Bangalore,Clothing,6769.59,11384.93,25285.97,11.0,3.0,No,0.081,2020-03-28 08:00:00
1264,53.0,Male,Bangalore,Electronics,5291.16,9025.1,35509.43,5.0,4.0,Yes,0.0621,2020-03-28 16:00:00
1265,36.0,Male,Chennai,Electronics,4203.18,9310.59,28970.27,3.0,4.0,Yes,0.1962,2020-03-29 00:00:00
1266,43.0,Male,Bangalore,Clothing,5725.81,12711.3,24473.12,27.0,4.0,No,0.1249,2020-03-29 08:00:00
1267,20.0,Male,Bangalore,Food,3346.56,6241.02,36187.81,17.0,5.0,Yes,0.0539,2020-03-29 16:00:00
1268,36.0,Female,Delhi,Food,6022.04,10374.9,32604.16,2.0,3.0,No,0.2067,2020-03-30 00:00:00
1269,37.0,Male,Hyderabad,Electronics,5612.91,8926.01,30153.95,24.0,1.0,No,0.1695,2020-03-30 08:00:00
1270,49.0,Female,Hyderabad,Electronics,4538.29,8637.46,25229.5,1.0,1.0,Yes,0.2576,2020-03-30 16:00:00
1271,24.0,Female,Pune,Clothing,3742.12,8518.72,42606.51,7.0,5.0,No,0.0352,2020-03-31 00:00:00
1272,69.0,Male,Pune,Electronics,3669.98,6358.62,35509.43,14.0,1.0,Yes,0.2357,2020-03-31 08:00:00
1273,58.0,Male,Delhi,Electronics,5802.23,8065.02,38946.48,5.0,4.0,No,0.2021,2020-03-31 16:00:00
1274,50.0,Male,Pune,Electronics,6843.47,12988.3,59758.05,19.0,3.0,No,0.0345,2020-04-01 00:00:00
1275,57.0,Female,Chennai,Books,4044.04,8264.67,18122.13,28.0,1.0,Yes,0.2084,2020-04-01 08:00:00
1276,56.0,Male,Mumbai,Sports,5687.58,8651.8,39296.11,28.0,1.0,No,0.1325,2020-04-01 16:00:00
1277,43.946638207043755,Female,Mumbai,Clothing,1869.46,3541.51,20979.81,11.0,2.0,No,0.2835,2020-04-02 00:00:00
1278,57.0,Male,Mumbai,Sports,4123.07,7872.75,17353.29,23.0,2.0,No,0.0425,2020-04-02 08:00:00
1279,18.0,Female,Delhi,Electronics,4953.41,8843.03,25092.25,25.0,2.0,No,0.1929,2020-04-02 16:00:00
1280,28.0,Male,Delhi,Clothing,3635.47,5753.08,65903.69,2.0,3.0,No,0.1146,2020-04-03 00:00:00
1281,45.0,Male,Bangalore,Electronics,3595.24,7487.37,58396.31,8.0,4.0,Yes,0.287,2020-04-03 08:00:00
1282,42.0,Female,Chennai,Food,3998.33,6793.61,41007.18,9.0,4.0,Yes,0.099,2020-04-03 16:00:00
1283,67.0,Female,Chennai,Sports,5438.29,8303.74,16876.03,27.0,4.0,No,0.2887,2020-04-04 00:00:00
1284,43.946638207043755,Male,Pune,Food,4719.01,6444.74,32920.79,3.0,2.913451511991658,Yes,0.2704,2020-04-04 08:00:00
1285,48.0,Female,Chennai,Clothing,1642.65,4217.62,42228.47,2.0,3.0,No,0.0811,2020-04-04 16:00:00
1286,47.0,Male,Pune,Food,1818.95,3890.77,39646.9,7.0,2.0,Yes,0.2411,2020-04-05 00:00:00
1287,59.0,Female,Mumbai,Electronics,4089.7,7449.43,14444.99,5.0,1.0,Yes,0.2987,2020-04-05 08:00:00
1288,52.0,Female,Mumbai,Books,5686.53,9795.48,23268.16,21.0,5.0,Yes,0.0758,2020-04-05 16:00:00
1289,24.0,Male,Mumbai,Clothing,878.74,1052.73,35509.43,26.0,5.0,No,0.131,2020-04-06 00:00:00
1290,33.0,Male,Delhi,Clothing,4250.4,6574.98,35509.43,5.0,1.0,No,0.1561,2020-04-06 08:00:00
1291,43.946638207043755,Male,Pune,Clothing,4210.63,7147.68,12111.81,20.0,2.0,No,0.0885,2020-04-06 16:00:00
1292,43.946638207043755,Female,Delhi,Food,7082.51,10628.43,33487.85,13.0,1.0,Yes,0.0046,2020-04-07 00:00:00
1293,69.0,Female,Delhi,Electronics,4422.47,7224.38,39008.09,21.0,1.0,No,0.066,2020-04-07 08:00:00
1294,66.0,Male,Hyderabad,Food,5574.48,9723.13,55537.07,29.0,5.0,Yes,0.0846,2020-04-07 16:00:00
1295,19.0,Male,Chennai,Electronics,5211.89,9991.28,51350.44,20.0,2.913451511991658,No,0.1331,2020-04-08 00:00:00
1296,18.0,Female,Chennai,Food,1804.15,3207.54,48595.47,29.0,3.0,No,0.0513,2020-04-08 08:00:00
1297,65.0,Other,Chennai,Books,6152.31,11869.08,24343.73,6.0,2.913451511991658,Yes,0.262,2020-04-08 16:00:00
1298,29.0,Female,Delhi,Books,5323.09,10930.7,13988.61,20.0,3.0,No,0.2115,2020-04-09 00:00:00
1299,22.0,Male,Pune,Clothing,5762.4,11430.49,29836.08,18.0,2.0,No,0.0256,2020-04-09 08:00:00
1300,54.0,Male,Hyderabad,Clothing,10889.36,20071.36,59923.01,25.0,1.0,Yes,0.195,2020-04-09 16:00:00
1301,49.0,Male,Hyderabad,Electronics,1873.83,3384.76,72891.5,2.0,4.0,No,0.1961,2020-04-10 00:00:00
1302,26.0,Female,Chennai,Food,7587.04,12675.88,51806.69,25.0,4.0,No,0.2869,2020-04-10 08:00:00
1303,58.0,Male,Delhi,Electronics,4568.83,8963.84,45011.37,26.0,2.0,Yes,0.0009,2020-04-10 16:00:00
1304,52.0,Female,Bangalore,Clothing,5430.99,11455.53,43906.6,6.0,4.0,Yes,0.0744,2020-04-11 00:00:00
1305,36.0,Male,Delhi,Electronics,4931.73,9219.22,27499.98,9.0,3.0,No,0.2783,2020-04-11 08:00:00
1306,65.0,Female,Mumbai,Electronics,4363.65,9771.83,34029.05,25.0,4.0,No,0.2796,2020-04-11 16:00:00
1307,33.0,Female,Delhi,Food,4145.25,5935.88,83661.55,3.0,2.0,No,0.2162,2020-04-12 00:00:00
1308,20.0,Female,Mumbai,Electronics,5494.26,8735.5,22668.26,1.0,2.0,No,0.2297,2020-04-12 08:00:00
1309,37.0,Male,Mumbai,Food,2724.24,5758.83,81421.07,1.0,3.0,No,0.0274,2020-04-12 16:00:00
1310,41.0,Male,Bangalore,Electronics,6125.87,11290.86,30914.66,19.0,4.0,No,0.1542,2020-04-13 00:00:00
1311,50.0,Male,Pune,Electronics,4375.71,9190.06,70454.05,5.0,4.0,No,0.0695,2020-04-13 08:00:00
1312,41.0,Female,Chennai,Clothing,3304.9,5933.35,17972.4,13.0,1.0,No,0.0544,2020-04-13 16:00:00
1313,69.0,Female,Delhi,Electronics,4324.98,6916.99,48676.52,19.0,5.0,Yes,0.2431,2020-04-14 00:00:00
1314,28.0,Female,Chennai,Electronics,6885.72,12180.7,25124.91,12.0,2.0,Yes,0.0405,2020-04-14 08:00:00
1315,66.0,Female,Delhi,Food,4197.0,6021.92,17896.61,16.0,2.913451511991658,Yes,0.1406,2020-04-14 16:00:00
1316,25.0,Female,Pune,Electronics,5537.68,8839.23,40508.5,25.0,2.0,No,0.2816,2020-04-15 00:00:00
1317,43.946638207043755,Male,Chennai,Books,3903.57,7998.87,60158.37,25.0,1.0,No,0.0557,2020-04-15 08:00:00
1318,55.0,Female,Chennai,Electronics,6136.88,11919.17,23802.1,19.0,5.0,Yes,0.2934,2020-04-15 16:00:00
1319,57.0,Male,Chennai,Electronics,6028.26,11213.87,17162.67,3.0,1.0,Yes,0.2983,2020-04-16 00:00:00
1320,37.0,Male,Hyderabad,Food,7772.91,12270.16,34685.52,12.0,2.0,No,0.1667,2020-04-16 08:00:00
1321,52.0,Female,Chennai,Electronics,4736.65,8167.57,34762.08,5.0,4.0,Yes,0.051,2020-04-16 16:00:00
1322,65.0,Male,Bangalore,Electronics,6002.98,9580.36,47770.32,2.0,2.0,No,0.0948,2020-04-17 00:00:00
1323,42.0,Male,Pune,Clothing,5147.1,10441.31,58384.01,22.0,3.0,No,0.1273,2020-04-17 08:00:00
1324,52.0,Female,Mumbai,Electronics,6943.81,11915.14,35252.52,7.0,3.0,No,0.0928,2020-04-17 16:00:00
1325,43.946638207043755,Male,Hyderabad,Books,3921.75,5973.4,35509.43,13.0,3.0,Yes,0.0842,2020-04-18 00:00:00
1326,46.0,Female,Bangalore,Electronics,6117.51,11041.31,40624.12,25.0,3.0,Yes,0.2917,2020-04-18 08:00:00
1327,35.0,Male,Delhi,Food,4707.95,7834.16,30539.82,15.0,2.913451511991658,No,0.046,2020-04-18 16:00:00
1328,63.0,Male,Pune,Books,4903.72,10310.44,16223.5,22.0,4.0,No,0.22,2020-04-19 00:00:00
1329,35.0,Male,Mumbai,Clothing,5137.63,8512.92,31846.1,3.0,4.0,No,0.0001,2020-04-19 08:00:00
1330,19.0,Male,Chennai,Sports,5378.36,8281.82,30693.51,28.0,2.0,Yes,0.1789,2020-04-19 16:00:00
1331,52.0,Female,Mumbai,Clothing,4825.66,6533.27,58697.5,21.0,1.0,No,0.2748,2020-04-20 00:00:00
1332,33.0,Male,Delhi,Sports,5322.07,9548.94,45763.49,20.0,2.0,No,0.0864,2020-04-20 08:00:00
1333,58.0,Female,Hyderabad,Electronics,7367.18,12698.99,20137.02,5.0,2.0,No,0.0557,2020-04-20 16:00:00
1334,53.0,Male,Hyderabad,Food,6478.17,10231.8,39581.9,24.0,2.913451511991658,No,0.1955,2020-04-21 00:00:00
1335,43.946638207043755,Female,Pune,Clothing,6303.73,12535.94,50805.79,8.0,2.0,Yes,0.2138,2020-04-21 08:00:00
1336,21.0,Female,Hyderabad,Clothing,4316.69,8437.29,77965.03,22.0,4.0,Yes,0.2064,2020-04-21 16:00:00
1337,50.0,Female,Pune,Food,3666.14,6570.83,35509.43,1.0,1.0,No,0.0958,2020-04-22 00:00:00
1338,31.0,Male,Pune,Food,6432.95,12943.64,53126.08,8.0,2.913451511991658,No,0.0757,2020-04-22 08:00:00
1339,38.0,Male,Pune,Electronics,6314.07,12027.86,37423.08,24.0,4.0,Yes,0.2868,2020-04-22 16:00:00
1340,65.0,Male,Chennai,Electronics,7209.01,12153.36,44097.4,18.0,2.0,Yes,0.277,2020-04-23 00:00:00
1341,37.0,Female,Bangalore,Food,4094.03,6330.03,67829.5,20.0,3.0,No,0.1372,2020-04-23 08:00:00
1342,25.0,Male,Pune,Food,4655.68,9198.21,18650.18,28.0,2.0,Yes,0.2539,2020-04-23 16:00:00
1343,24.0,Male,Pune,Sports,2540.77,4969.75,30493.85,16.0,2.0,Yes,0.1357,2020-04-24 00:00:00
1344,20.0,Female,Bangalore,Food,4411.29,8110.07,24679.19,18.0,5.0,No,0.1273,2020-04-24 08:00:00
1345,34.0,Male,Mumbai,Sports,6494.86,10844.25,43895.92,20.0,3.0,No,0.047,2020-04-24 16:00:00
1346,50.0,Female,Pune,Food,4300.26,8348.42,35509.43,12.0,1.0,No,0.1279,2020-04-25 00:00:00
1347,65.0,Male,Chennai,Electronics,5960.72,9973.8,35509.43,13.0,2.0,Yes,0.1612,2020-04-25 08:00:00
1348,29.0,Male,Chennai,Electronics,4714.25,8383.66,10991.17,13.0,1.0,No,0.0068,2020-04-25 16:00:00
1349,43.946638207043755,Female,Hyderabad,Food,5486.09,11321.91,29551.5,10.0,2.913451511991658,No,0.1332,2020-04-26 00:00:00
1350,39.0,Male,Delhi,Food,3278.46,5240.39,57339.03,7.0,2.0,No,0.2344,2020-04-26 08:00:00
1351,39.0,Female,Delhi,Electronics,5127.81,7657.07,47515.68,25.0,2.913451511991658,No,0.204,2020-04-26 16:00:00
1352,63.0,Male,Hyderabad,Clothing,513.3,-128.61,44985.39,14.0,4.0,Yes,0.1905,2020-04-27 00:00:00
1353,47.0,Male,Hyderabad,Sports,4719.66,9489.69,35509.43,24.0,5.0,Yes,0.2729,2020-04-27 08:00:00
1354,55.0,Female,Chennai,Clothing,2554.29,4852.45,19158.17,16.0,5.0,Yes,0.0054,2020-04-27 16:00:00
1355,55.0,Female,Bangalore,Clothing,6808.99,12127.3,46987.98,15.0,4.0,Yes,0.1671,2020-04-28 00:00:00
1356,62.0,Female,Delhi,Clothing,6166.11,10589.9,23929.3,12.0,4.0,No,0.2362,2020-04-28 08:00:00
1357,68.0,Male,Bangalore,Electronics,5700.01,10745.38,108233.73,9.0,4.0,No,0.1624,2020-04-28 16:00:00
1358,25.0,Female,Chennai,Clothing,7281.51,12257.61,48303.22,8.0,2.0,No,0.0972,2020-04-29 00:00:00
1359,44.0,Male,Hyderabad,Clothing,3576.63,6743.6,35509.43,18.0,1.0,No,0.0409,2020-04-29 08:00:00
1360,44.0,Male,Pune,Electronics,7621.04,12986.62,26750.47,23.0,1.0,Yes,0.2663,2020-04-29 16:00:00
1361,51.0,Female,Bangalore,Food,6398.29,10619.26,34666.46,18.0,4.0,No,0.1412,2020-04-30 00:00:00
1362,38.0,Male,Hyderabad,Clothing,4645.17,7723.82,32216.98,13.0,5.0,Yes,0.2634,2020-04-30 08:00:00
1363,47.0,Other,Hyderabad,Books,6703.43,11690.77,63475.98,28.0,2.913451511991658,Yes,0.1758,2020-04-30 16:00:00
1364,43.946638207043755,Male,Mumbai,Books,3340.56,5964.18,39863.17,27.0,4.0,Yes,0.2023,2020-05-01 00:00:00
1365,45.0,Male,Bangalore,Electronics,3763.23,7009.27,25189.54,18.0,5.0,No,0.2413,2020-05-01 08:00:00
1366,64.0,Female,Pune,Food,4087.12,3668.45,35509.43,15.0,5.0,No,0.1977,2020-05-01 16:00:00
1367,50.0,Female,Bangalore,Clothing,4206.53,6764.1,37221.96,4.0,2.0,Yes,0.1194,2020-05-02 00:00:00
1368,22.0,Female,Hyderabad,Books,3415.16,5755.72,53338.83,17.0,2.0,Yes,0.1541,2020-05-02 08:00:00
1369,65.0,Female,Pune,Electronics,6834.62,13807.38,26792.75,5.0,1.0,No,0.2409,2020-05-02 16:00:00
1370,36.0,Female,Chennai,Food,4611.72,7221.09,43545.33,22.0,1.0,Yes,0.1121,2020-05-03 00:00:00
1371,43.946638207043755,Female,Mumbai,Food,5528.76,10114.56,42427.63,16.0,3.0,No,0.1164,2020-05-03 08:00:00
1372,52.0,Female,Hyderabad,Electronics,4144.47,8955.08,14117.57,9.0,3.0,No,0.0287,2020-05-03 16:00:00
1373,66.0,Male,Delhi,Electronics,2269.1,2771.41,99472.6,10.0,3.0,No,0.2744,2020-05-04 00:00:00
1374,34.0,Male,Delhi,Food,5405.09,10123.14,69239.18,24.0,3.0,No,0.0273,2020-05-04 08:00:00
1375,61.0,Male,Mumbai,Food,2131.62,3034.64,29774.34,18.0,5.0,No,0.1945,2020-05-04 16:00:00
1376,45.0,Other,Chennai,Electronics,4897.05,8310.06,35509.43,17.0,5.0,No,0.124,2020-05-05 00:00:00
1377,47.0,Female,Hyderabad,Food,2947.53,4502.44,43207.99,18.0,1.0,No,0.1217,2020-05-05 08:00:00
1378,46.0,Male,Chennai,Clothing,7980.91,13633.78,37924.36,7.0,2.0,No,0.2039,2020-05-05 16:00:00
1379,63.0,Female,Mumbai,Food,6367.04,14182.58,35509.43,4.0,2.0,Yes,0.0201,2020-05-06 00:00:00
1380,23.0,Female,Chennai,Electronics,5158.63,10129.99,39966.17,26.0,4.0,No,0.1781,2020-05-06 08:00:00
1381,52.0,Male,Bangalore,Books,6895.56,13513.75,46775.76,5.0,5.0,No,0.2316,2020-05-06 16:00:00
1382,58.0,Female,Delhi,Electronics,3730.53,7206.95,74880.8,28.0,3.0,No,0.2485,2020-05-07 00:00:00
1383,54.0,Female,Delhi,Clothing,5815.22,8861.14,48245.2,23.0,3.0,No,0.0512,2020-05-07 08:00:00
1384,41.0,Male,Bangalore,Electronics,5299.72,9934.45,35509.43,16.0,2.913451511991658,No,0.2692,2020-05-07 16:00:00
1385,46.0,Female,Mumbai,Electronics,5396.03,10785.78,71774.28,3.0,2.0,Yes,0.1968,2020-05-08 00:00:00
1386,66.0,Male,Delhi,Clothing,6908.53,11581.95,82479.68,26.0,3.0,No,0.2646,2020-05-08 08:00:00
1387,63.0,Female,Hyderabad,Electronics,6098.74,11943.06,175611.31,18.0,2.0,No,0.1456,2020-05-08 16:00:00
1388,43.946638207043755,Other,Pune,Books,5433.09,10483.9,20707.54,29.0,4.0,No,0.1626,2020-05-09 00:00:00
1389,52.0,Female,Bangalore,Electronics,2517.67,6383.85,41004.66,23.0,2.0,No,0.2757,2020-05-09 08:00:00
1390,43.946638207043755,Male,Bangalore,Clothing,3559.93,5990.09,12822.42,21.0,2.0,Yes,0.27,2020-05-09 16:00:00
1391,69.0,Female,Delhi,Electronics,4815.94,7571.08,47885.81,14.0,2.0,No,0.1344,2020-05-10 00:00:00
1392,43.946638207043755,Female,Mumbai,Electronics,5140.06,8890.48,27609.08,15.0,3.0,Yes,0.0823,2020-05-10 08:00:00
1393,49.0,Male,Hyderabad,Electronics,3304.69,7384.01,95008.62,17.0,2.913451511991658,Yes,0.118,2020-05-10 16:00:00
1394,40.0,Female,Mumbai,Clothing,8617.52,13683.13,24653.95,1.0,5.0,No,0.1163,2020-05-11 00:00:00
1395,50.0,Male,Chennai,Clothing,7274.59,11025.89,15605.96,25.0,2.0,Yes,0.0861,2020-05-11 08:00:00
1396,20.0,Female,Chennai,Clothing,5903.18,10715.12,28691.84,21.0,2.0,No,0.0806,2020-05-11 16:00:00
1397,35.0,Male,Pune,Clothing,5108.06,8751.92,13524.47,17.0,2.0,Yes,0.2583,2020-05-12 00:00:00
1398,42.0,Male,Delhi,Clothing,4681.69,8434.77,52867.8,23.0,1.0,Yes,0.021,2020-05-12 08:00:00
1399,59.0,Male,Delhi,Electronics,3572.12,7375.13,12931.98,25.0,4.0,No,0.2033,2020-05-12 16:00:00
1400,43.946638207043755,Female,Delhi,Clothing,5116.22,8656.63,35509.43,11.0,2.913451511991658,No,0.0518,2020-05-13 00:00:00
1401,20.0,Male,Pune,Sports,5386.63,7822.93,12849.94,17.0,1.0,No,0.1034,2020-05-13 08:00:00
1402,57.0,Female,Chennai,Clothing,3137.36,7691.73,30941.42,26.0,2.0,No,0.0185,2020-05-13 16:00:00
1403,63.0,Male,Chennai,Food,5501.26,8905.04,82593.73,14.0,1.0,No,0.081,2020-05-14 00:00:00
1404,41.0,Male,Chennai,Electronics,4767.11,7521.76,43491.64,29.0,1.0,Yes,0.2305,2020-05-14 08:00:00
1405,67.0,Female,Pune,Food,2138.29,4952.64,23582.34,20.0,1.0,Yes,0.2655,2020-05-14 16:00:00
1406,49.0,Female,Mumbai,Food,3709.42,6292.47,35753.31,19.0,4.0,Yes,0.0665,2020-05-15 00:00:00
1407,64.0,Male,Delhi,Clothing,4379.59,7819.87,36644.13,21.0,5.0,No,0.1391,2020-05-15 08:00:00
1408,39.0,Female,Hyderabad,Sports,7831.53,14579.54,45996.25,7.0,3.0,No,0.1411,2020-05-15 16:00:00
1409,40.0,Female,Mumbai,Electronics,5834.83,11586.28,18335.07,24.0,4.0,No,0.2621,2020-05-16 00:00:00
1410,19.0,Female,Chennai,Electronics,2996.78,5060.74,48838.96,13.0,4.0,No,0.2288,2020-05-16 08:00:00
1411,44.0,Male,Bangalore,Food,5729.05,11832.24,9393.79,18.0,5.0,No,0.1539,2020-05-16 16:00:00
1412,59.0,Male,Bangalore,Books,2679.04,2686.47,26504.18,23.0,4.0,Yes,0.2012,2020-05-17 00:00:00
1413,19.0,Female,Pune,Electronics,6624.04,12683.06,28448.85,14.0,1.0,Yes,0.2542,2020-05-17 08:00:00
1414,43.946638207043755,Male,Bangalore,Electronics,4293.31,6888.43,35509.43,1.0,1.0,No,0.0029,2020-05-17 16:00:00
1415,34.0,Female,Hyderabad,Electronics,4859.55,10119.46,36728.76,7.0,2.0,No,0.1209,2020-05-18 00:00:00
1416,43.946638207043755,Female,Chennai,Electronics,6988.69,12721.69,17983.65,8.0,4.0,No,0.2722,2020-05-18 08:00:00
1417,50.0,Female,Chennai,Food,3069.25,4851.74,35509.43,18.0,2.0,Yes,0.2221,2020-05-18 16:00:00
1418,26.0,Female,Hyderabad,Clothing,2904.32,5890.62,35509.43,9.0,3.0,No,0.1629,2020-05-19 00:00:00
1419,60.0,Other,Chennai,Electronics,4124.6,8317.47,34907.83,1.0,2.913451511991658,Yes,0.1589,2020-05-19 08:00:00
1420,65.0,Male,Chennai,Clothing,6557.57,12445.52,27185.47,29.0,3.0,Yes,0.1043,2020-05-19 16:00:00
1421,56.0,Female,Delhi,Electronics,2720.98,3868.07,28554.88,22.0,5.0,No,0.1562,2020-05-20 00:00:00
1422,46.0,Male,Pune,Electronics,751.77,869.17,51435.51,17.0,1.0,Yes,0.1966,2020-05-20 08:00:00
1423,59.0,Male,Bangalore,Food,4323.26,7777.8,28033.45,19.0,3.0,No,0.1255,2020-05-20 16:00:00
1424,43.0,Female,Delhi,Sports,5827.61,10448.44,34750.68,27.0,5.0,Yes,0.2142,2020-05-21 00:00:00
1425,52.0,Female,Hyderabad,Books,6800.39,12990.45,107470.14,6.0,3.0,No,0.2584,2020-05-21 08:00:00
1426,67.0,Other,Pune,Electronics,4305.26,5734.57,17821.46,3.0,5.0,No,0.0464,2020-05-21 16:00:00
1427,42.0,Female,Hyderabad,Books,4382.86,8223.48,14386.98,24.0,5.0,Yes,0.1355,2020-05-22 00:00:00
1428,41.0,Male,Pune,Food,6730.85,11825.55,53733.66,5.0,1.0,No,0.1224,2020-05-22 08:00:00
1429,30.0,Male,Hyderabad,Food,2195.39,3113.2,25865.84,2.0,2.0,Yes,0.2062,2020-05-22 16:00:00
1430,24.0,Female,Delhi,Clothing,4417.22,7208.51,30973.31,20.0,5.0,No,0.075,2020-05-23 00:00:00
1431,53.0,Male,Pune,Clothing,5285.64,9299.61,24573.45,25.0,5.0,Yes,0.1921,2020-05-23 08:00:00
1432,62.0,Male,Pune,Electronics,5673.83,6611.81,31891.66,4.0,1.0,Yes,0.2632,2020-05-23 16:00:00
1433,37.0,Male,Chennai,Electronics,4235.29,6922.23,80762.58,10.0,2.0,Yes,0.1254,2020-05-24 00:00:00
1434,18.0,Male,Chennai,Electronics,5051.66,8217.17,54234.05,10.0,4.0,Yes,0.2733,2020-05-24 08:00:00
1435,25.0,Male,Mumbai,Electronics,1267.51,2814.3,55888.38,24.0,4.0,No,0.2979,2020-05-24 16:00:00
1436,63.0,Male,Hyderabad,Clothing,4012.63,6417.21,17888.02,21.0,2.0,Yes,0.0318,2020-05-25 00:00:00
1437,33.0,Male,Chennai,Food,5680.26,10009.35,20423.13,11.0,3.0,Yes,0.0699,2020-05-25 08:00:00
1438,31.0,Male,Mumbai,Clothing,3526.56,7890.08,8782.01,27.0,1.0,No,0.2851,2020-05-25 16:00:00
1439,29.0,Other,Chennai,Electronics,5088.48,10153.62,24229.1,16.0,2.0,Yes,0.2875,2020-05-26 00:00:00
1440,68.0,Male,Hyderabad,Sports,5670.31,11108.83,58591.89,26.0,4.0,No,0.0293,2020-05-26 08:00:00
1441,40.0,Male,Pune,Sports,4486.18,7575.25,47026.82,29.0,5.0,No,0.0045,2020-05-26 16:00:00
1442,32.0,Female,Bangalore,Food,5255.7,10003.29,32508.06,29.0,4.0,No,0.0483,2020-05-27 00:00:00
1443,45.0,Male,Hyderabad,Sports,3555.9,6166.72,35912.83,17.0,5.0,No,0.2988,2020-05-27 08:00:00
1444,51.0,Female,Delhi,Clothing,4690.08,8246.05,25733.71,16.0,1.0,No,0.054,2020-05-27 16:00:00
1445,19.0,Female,Chennai,Sports,5915.32,11057.26,40230.45,7.0,5.0,Yes,0.1508,2020-05-28 00:00:00
1446,49.0,Male,Chennai,Electronics,5235.46,8826.83,53259.91,16.0,2.0,No,0.2545,2020-05-28 08:00:00
1447,40.0,Male,Pune,Clothing,4120.2,8909.36,35509.43,3.0,5.0,No,0.0061,2020-05-28 16:00:00
1448,39.0,Female,Chennai,Electronics,5336.32,9445.25,42185.16,26.0,3.0,No,0.1813,2020-05-29 00:00:00
1449,68.0,Female,Pune,Electronics,6071.91,11547.8,57885.22,16.0,2.0,No,0.0831,2020-05-29 08:00:00
1450,42.0,Male,Delhi,Electronics,1925.09,4920.76,29508.98,8.0,1.0,No,0.2587,2020-05-29 16:00:00
1451,39.0,Female,Bangalore,Food,6738.61,13161.15,51552.21,12.0,2.0,No,0.085,2020-05-30 00:00:00
1452,39.0,Male,Chennai,Food,4495.62,6683.2,148349.64,3.0,3.0,No,0.206,2020-05-30 08:00:00
1453,66.0,Other,Chennai,Clothing,5638.23,10593.71,34469.45,17.0,1.0,No,0.2023,2020-05-30 16:00:00
1454,69.0,Male,Bangalore,Electronics,6795.87,13083.29,44207.67,21.0,4.0,No,0.0664,2020-05-31 00:00:00
1455,59.0,Female,Mumbai,Books,2942.49,6188.35,25108.74,18.0,3.0,Yes,0.0104,2020-05-31 08:00:00
1456,23.0,Female,Pune,Food,3935.84,5971.22,39760.35,11.0,1.0,No,0.1228,2020-05-31 16:00:00
1457,32.0,Female,Bangalore,Clothing,4567.18,7563.89,45712.9,4.0,5.0,No,0.0868,2020-06-01 00:00:00
1458,60.0,Female,Pune,Food,3824.37,7878.42,40031.47,16.0,2.0,Yes,0.2427,2020-06-01 08:00:00
1459,54.0,Male,Hyderabad,Electronics,7602.4,12922.56,21810.62,17.0,1.0,Yes,0.2401,2020-06-01 16:00:00
1460,50.0,Male,Chennai,Electronics,3714.84,6387.02,35509.43,9.0,2.0,No,0.1371,2020-06-02 00:00:00
1461,25.0,Male,Pune,Sports,4166.68,9075.9,35509.43,6.0,5.0,Yes,0.182,2020-06-02 08:00:00
1462,61.0,Male,Delhi,Electronics,5306.58,9504.04,45447.72,24.0,1.0,Yes,0.1813,2020-06-02 16:00:00
1463,61.0,Female,Pune,Clothing,3196.78,5027.43,58746.9,27.0,4.0,No,0.2481,2020-06-03 00:00:00
1464,22.0,Male,Hyderabad,Books,4406.48,7054.05,32257.12,20.0,3.0,Yes,0.1275,2020-06-03 08:00:00
1465,56.0,Male,Chennai,Food,5476.18,10189.84,52836.11,25.0,1.0,No,0.0826,2020-06-03 16:00:00
1466,21.0,Other,Bangalore,Electronics,4500.71,6768.13,41757.48,2.0,5.0,Yes,0.0795,2020-06-04 00:00:00
1467,43.946638207043755,Female,Hyderabad,Electronics,4859.92,8500.52,22573.79,9.0,1.0,Yes,0.1609,2020-06-04 08:00:00
1468,62.0,Female,Chennai,Electronics,4206.0,7904.03,42585.13,28.0,2.0,No,0.1347,2020-06-04 16:00:00
1469,49.0,Other,Pune,Food,2728.29,6210.07,22118.1,21.0,1.0,No,0.132,2020-06-05 00:00:00
1470,69.0,Male,Mumbai,Clothing,5482.39,10535.85,26464.51,29.0,4.0,Yes,0.0273,2020-06-05 08:00:00
1471,47.0,Male,Mumbai,Electronics,7632.4,13024.25,39921.25,6.0,1.0,Yes,0.2156,2020-06-05 16:00:00
1472,64.0,Female,Delhi,Sports,5027.6,10228.1,42134.5,3.0,3.0,No,0.0641,2020-06-06 00:00:00
1473,52.0,Female,Chennai,Clothing,5337.9,9308.7,20037.96,20.0,1.0,Yes,0.0591,2020-06-06 08:00:00
1474,57.0,Male,Mumbai,Electronics,6039.08,9634.64,61512.33,6.0,2.0,Yes,0.1238,2020-06-06 16:00:00
1475,69.0,Female,Bangalore,Clothing,3096.0,5400.76,48339.44,7.0,1.0,Yes,0.0683,2020-06-07 00:00:00
1476,33.0,Male,Chennai,Food,7553.77,15034.96,35509.43,1.0,4.0,No,0.1752,2020-06-07 08:00:00
1477,30.0,Male,Bangalore,Electronics,5303.49,9711.52,16834.87,23.0,5.0,No,0.1114,2020-06-07 16:00:00
1478,67.0,Female,Bangalore,Electronics,7447.79,13418.54,33777.42,1.0,1.0,No,0.1347,2020-06-08 00:00:00
1479,59.0,Female,Chennai,Books,3900.45,8658.02,29057.39,5.0,2.913451511991658,No,0.1612,2020-06-08 08:00:00
1480,47.0,Female,Chennai,Clothing,7727.09,12477.41,35509.43,6.0,3.0,No,0.0611,2020-06-08 16:00:00
1481,36.0,Male,Pune,Clothing,6162.73,9807.31,35509.43,13.0,4.0,No,0.0467,2020-06-09 00:00:00
1482,34.0,Female,Hyderabad,Clothing,5829.56,8877.36,13310.01,2.0,2.913451511991658,No,0.2641,2020-06-09 08:00:00
1483,36.0,Male,Mumbai,Electronics,5351.04,10004.52,29906.36,15.0,2.0,Yes,0.1301,2020-06-09 16:00:00
1484,45.0,Male,Mumbai,Electronics,4627.21,8495.47,31169.35,15.0,1.0,No,0.1236,2020-06-10 00:00:00
1485,43.0,Female,Pune,Clothing,6800.8,13784.18,49852.83,13.0,2.913451511991658,No,0.0107,2020-06-10 08:00:00
1486,54.0,Other,Chennai,Electronics,5210.54,9622.45,35509.43,26.0,2.0,No,0.1494,2020-06-10 16:00:00
1487,43.0,Female,Chennai,Electronics,2049.4,3284.76,84064.31,25.0,2.913451511991658,Yes,0.1663,2020-06-11 00:00:00
1488,40.0,Female,Chennai,Books,3324.22,5985.39,13963.19,14.0,4.0,Yes,0.1677,2020-06-11 08:00:00
1489,26.0,Female,Pune,Sports,4721.23,8615.92,69953.34,26.0,5.0,No,0.2121,2020-06-11 16:00:00
1490,29.0,Female,Pune,Food,5465.0,8165.24,32462.49,22.0,2.0,No,0.0532,2020-06-12 00:00:00
1491,43.946638207043755,Male,Chennai,Books,4915.12,11557.55,55814.69,7.0,4.0,No,0.0757,2020-06-12 08:00:00
1492,18.0,Male,Bangalore,Electronics,6828.46,12811.1,37793.81,14.0,5.0,Yes,0.2432,2020-06-12 16:00:00
1493,64.0,Male,Mumbai,Sports,2073.35,3942.04,64201.24,26.0,4.0,No,0.2842,2020-06-13 00:00:00
1494,43.946638207043755,Male,Delhi,Electronics,5215.38,10002.85,29921.09,24.0,4.0,No,0.0408,2020-06-13 08:00:00
1495,49.0,Female,Hyderabad,Sports,2273.03,4800.86,20966.68,27.0,4.0,No,0.1493,2020-06-13 16:00:00
1496,65.0,Male,Mumbai,Sports,6139.57,10910.67,73884.04,29.0,3.0,No,0.0643,2020-06-14 00:00:00
1497,42.0,Male,Chennai,Food,4858.31,8113.72,34312.32,10.0,2.0,No,0.018,2020-06-14 08:00:00
1498,57.0,Male,Hyderabad,Sports,5629.41,10732.39,40569.8,17.0,5.0,No,0.0977,2020-06-14 16:00:00
1499,62.0,Female,Delhi,Clothing,3704.18,7053.23,67330.99,14.0,5.0,No,0.0431,2020-06-15 00:00:00
1500,18.0,Male,Chennai,Electronics,6919.2,11644.67,21677.33,8.0,2.0,No,0.213,2020-06-15 08:00:00
1501,33.0,Female,Bangalore,Clothing,6562.59,13231.7,48910.41,4.0,2.0,Yes,0.1601,2020-06-15 16:00:00
1502,43.946638207043755,Male,Hyderabad,Clothing,5875.32,10868.93,27039.46,26.0,2.0,Yes,0.0432,2020-06-16 00:00:00
1503,22.0,Male,Bangalore,Electronics,4805.72,9380.12,35509.43,16.0,2.0,No,0.0028,2020-06-16 08:00:00
1504,43.946638207043755,Female,Mumbai,Food,5869.79,11957.54,37651.93,24.0,1.0,No,0.2424,2020-06-16 16:00:00
1505,46.0,Female,Pune,Sports,3939.66,7113.28,17152.33,13.0,5.0,No,0.0529,2020-06-17 00:00:00
1506,20.0,Male,Pune,Electronics,6283.33,11626.95,24601.96,22.0,1.0,No,0.1819,2020-06-17 08:00:00
1507,29.0,Female,Pune,Food,7474.22,14263.62,71363.12,27.0,2.913451511991658,Yes,0.1011,2020-06-17 16:00:00
1508,43.0,Female,Hyderabad,Sports,6605.92,11165.79,56562.17,25.0,4.0,No,0.1756,2020-06-18 00:00:00
1509,33.0,Male,Pune,Sports,3905.6,7084.13,35509.43,27.0,5.0,No,0.0947,2020-06-18 08:00:00
1510,68.0,Female,Mumbai,Sports,5542.13,10101.38,41009.61,20.0,4.0,Yes,0.0261,2020-06-18 16:00:00
1511,54.0,Female,Bangalore,Clothing,3060.29,4552.46,31347.15,18.0,2.0,Yes,0.0669,2020-06-19 00:00:00
1512,39.0,Female,Hyderabad,Sports,5858.59,12863.1,71560.01,14.0,1.0,No,0.0564,2020-06-19 08:00:00
1513,46.0,Female,Bangalore,Food,5675.91,8809.34,32853.83,18.0,2.0,Yes,0.1284,2020-06-19 16:00:00
1514,43.946638207043755,Female,Hyderabad,Electronics,2195.28,2653.4,40778.94,5.0,4.0,No,0.1975,2020-06-20 00:00:00
1515,45.0,Female,Bangalore,Clothing,3257.32,7177.4,64409.41,26.0,1.0,Yes,0.0791,2020-06-20 08:00:00
1516,22.0,Female,Delhi,Food,4575.29,8948.79,35509.43,9.0,2.0,No,0.0036,2020-06-20 16:00:00
1517,64.0,Female,Bangalore,Electronics,4548.71,7161.71,79173.32,28.0,5.0,No,0.1557,2020-06-21 00:00:00
1518,66.0,Female,Pune,Food,3185.78,6341.69,16894.94,3.0,2.0,No,0.1817,2020-06-21 08:00:00
1519,47.0,Female,Delhi,Food,5583.47,11518.1,82028.42,8.0,4.0,No,0.2889,2020-06-21 16:00:00
1520,63.0,Female,Bangalore,Electronics,5377.21,9648.71,30141.62,20.0,1.0,No,0.1768,2020-06-22 00:00:00
1521,69.0,Male,Hyderabad,Clothing,4708.6,11074.3,32165.53,22.0,5.0,Yes,0.1414,2020-06-22 08:00:00
1522,22.0,Female,Hyderabad,Food,3866.31,5235.3,14115.02,10.0,1.0,Yes,0.172,2020-06-22 16:00:00
1523,29.0,Female,Hyderabad,Clothing,6573.06,12525.33,35509.43,22.0,5.0,No,0.2784,2020-06-23 00:00:00
1524,33.0,Male,Chennai,Electronics,7483.11,14636.13,35509.43,19.0,1.0,No,0.2485,2020-06-23 08:00:00
1525,43.0,Female,Mumbai,Electronics,4274.66,8585.73,26800.53,21.0,4.0,No,0.0969,2020-06-23 16:00:00
1526,43.0,Male,Hyderabad,Clothing,4081.75,7142.79,33905.91,28.0,5.0,Yes,0.0712,2020-06-24 00:00:00
1527,65.0,Male,Delhi,Sports,5736.81,10035.82,58623.79,3.0,3.0,Yes,0.0788,2020-06-24 08:00:00
1528,43.946638207043755,Female,Hyderabad,Electronics,4462.96,8477.47,40287.71,11.0,1.0,Yes,0.1513,2020-06-24 16:00:00
1529,56.0,Male,Chennai,Food,4790.9,9439.37,42354.85,11.0,1.0,No,0.2232,2020-06-25 00:00:00
1530,53.0,Female,Pune,Electronics,6109.48,11599.54,20999.21,17.0,2.0,No,0.151,2020-06-25 08:00:00
1531,50.0,Female,Delhi,Electronics,2135.97,4884.8,23379.69,16.0,5.0,No,0.0203,2020-06-25 16:00:00
1532,47.0,Female,Chennai,Books,6977.45,11540.54,89264.8,7.0,3.0,No,0.2171,2020-06-26 00:00:00
1533,54.0,Male,Pune,Food,5109.02,8968.47,25144.63,4.0,4.0,Yes,0.2418,2020-06-26 08:00:00
1534,40.0,Male,Delhi,Electronics,4382.76,6948.95,83125.28,23.0,2.0,Yes,0.0868,2020-06-26 16:00:00
1535,27.0,Female,Bangalore,Clothing,4866.15,8372.96,32159.7,19.0,3.0,Yes,0.1992,2020-06-27 00:00:00
1536,43.946638207043755,Other,Mumbai,Electronics,4943.64,9913.77,36357.07,12.0,5.0,No,0.128,2020-06-27 08:00:00
1537,43.946638207043755,Female,Mumbai,Clothing,2403.2,4433.74,35509.43,15.0,3.0,Yes,0.2667,2020-06-27 16:00:00
1538,51.0,Male,Chennai,Food,7242.41,15643.2,68593.03,11.0,1.0,No,0.2536,2020-06-28 00:00:00
1539,69.0,Female,Pune,Electronics,5061.99,9304.99,34358.12,5.0,1.0,Yes,0.1576,2020-06-28 08:00:00
1540,48.0,Female,Mumbai,Electronics,5664.5,10255.79,29907.92,5.0,2.0,No,0.2075,2020-06-28 16:00:00
1541,27.0,Female,Pune,Clothing,6427.32,11675.36,35314.18,15.0,2.913451511991658,No,0.265,2020-06-29 00:00:00
1542,43.946638207043755,Male,Pune,Sports,3468.26,5605.06,43001.0,29.0,5.0,No,0.1487,2020-06-29 08:00:00
1543,49.0,Female,Chennai,Sports,5710.21,10220.54,56706.94,18.0,3.0,No,0.094,2020-06-29 16:00:00
1544,18.0,Female,Chennai,Electronics,4598.54,9405.16,36392.39,11.0,2.0,No,0.2261,2020-06-30 00:00:00
1545,43.946638207043755,Other,Chennai,Food,6270.16,11400.26,49485.9,26.0,5.0,Yes,0.066,2020-06-30 08:00:00
1546,62.0,Male,Mumbai,Clothing,1809.16,2463.03,82386.75,12.0,1.0,No,0.1166,2020-06-30 16:00:00
1547,21.0,Female,Chennai,Clothing,4851.36,7807.36,43943.27,2.0,3.0,No,0.2597,2020-07-01 00:00:00
1548,33.0,Female,Mumbai,Food,4095.77,6922.18,42439.14,20.0,4.0,Yes,0.2173,2020-07-01 08:00:00
1549,41.0,Male,Chennai,Sports,5648.39,10240.97,16992.79,15.0,1.0,Yes,0.1211,2020-07-01 16:00:00
1550,33.0,Female,Hyderabad,Sports,5705.07,11462.71,9746.22,20.0,2.0,No,0.0644,2020-07-02 00:00:00
1551,19.0,Female,Pune,Clothing,3938.56,5748.92,44098.8,4.0,5.0,No,0.1068,2020-07-02 08:00:00
1552,66.0,Male,Chennai,Clothing,3931.74,6757.31,34633.89,22.0,1.0,No,0.0852,2020-07-02 16:00:00
1553,45.0,Male,Delhi,Food,4834.0,8845.51,28074.27,18.0,4.0,No,0.0528,2020-07-03 00:00:00
1554,49.0,Female,Pune,Electronics,3655.04,4745.37,35509.43,6.0,4.0,Yes,0.223,2020-07-03 08:00:00
1555,44.0,Male,Pune,Clothing,6262.98,10439.77,35235.1,23.0,2.0,Yes,0.0756,2020-07-03 16:00:00
1556,37.0,Female,Chennai,Clothing,4446.19,7323.25,63824.35,27.0,1.0,No,0.1363,2020-07-04 00:00:00
1557,43.946638207043755,Male,Bangalore,Food,639.52,355.17,37913.23,26.0,3.0,Yes,0.1158,2020-07-04 08:00:00
1558,29.0,Female,Chennai,Electronics,4437.77,8179.88,24997.68,19.0,2.913451511991658,No,0.2946,2020-07-04 16:00:00
1559,67.0,Male,Pune,Electronics,3442.18,6035.36,59580.47,11.0,4.0,No,0.1173,2020-07-05 00:00:00
1560,52.0,Female,Delhi,Sports,2553.09,4040.28,32579.37,28.0,2.0,Yes,0.024,2020-07-05 08:00:00
1561,50.0,Other,Pune,Electronics,3143.86,6086.91,47252.85,24.0,2.0,No,0.0269,2020-07-05 16:00:00
1562,50.0,Other,Delhi,Clothing,5164.11,11018.47,28603.79,2.0,3.0,Yes,0.1772,2020-07-06 00:00:00
1563,68.0,Female,Chennai,Electronics,6992.96,14226.58,26241.22,27.0,2.0,No,0.1798,2020-07-06 08:00:00
1564,60.0,Male,Hyderabad,Electronics,5469.78,7922.83,37876.42,8.0,2.0,Yes,0.1256,2020-07-06 16:00:00
1565,54.0,Female,Pune,Electronics,4090.24,7939.5,36549.19,29.0,2.0,No,0.1296,2020-07-07 00:00:00
1566,29.0,Male,Chennai,Electronics,5683.86,10052.92,46162.06,11.0,2.0,Yes,0.0162,2020-07-07 08:00:00
1567,20.0,Male,Mumbai,Books,4311.36,7915.6,31750.92,5.0,2.0,No,0.155,2020-07-07 16:00:00
1568,18.0,Male,Hyderabad,Electronics,3958.1,6726.3,35509.43,18.0,4.0,No,0.1514,2020-07-08 00:00:00
1569,50.0,Male,Chennai,Sports,3268.46,6000.82,35509.43,23.0,1.0,Yes,0.0449,2020-07-08 08:00:00
1570,57.0,Female,Bangalore,Clothing,2372.26,4421.48,54009.18,18.0,5.0,No,0.0312,2020-07-08 16:00:00
1571,43.946638207043755,Female,Chennai,Clothing,4415.11,7368.25,31298.08,14.0,2.0,Yes,0.0371,2020-07-09 00:00:00
1572,60.0,Male,Delhi,Clothing,5237.08,8530.38,32106.32,22.0,5.0,No,0.0303,2020-07-09 08:00:00
1573,43.946638207043755,Male,Delhi,Clothing,4855.06,8290.41,59467.68,10.0,5.0,Yes,0.1829,2020-07-09 16:00:00
1574,46.0,Other,Bangalore,Food,4376.05,8111.15,25438.36,3.0,4.0,No,0.0589,2020-07-10 00:00:00
1575,30.0,Male,Mumbai,Electronics,3581.38,7045.48,16791.0,9.0,2.0,Yes,0.0754,2020-07-10 08:00:00
1576,29.0,Male,Hyderabad,Clothing,5912.37,11495.61,33512.86,3.0,5.0,No,0.0521,2020-07-10 16:00:00
1577,48.0,Male,Chennai,Books,3024.3,4949.55,35509.43,11.0,2.0,Yes,0.2874,2020-07-11 00:00:00
1578,63.0,Female,Delhi,Sports,6164.04,11379.12,22401.36,12.0,3.0,No,0.2564,2020-07-11 08:00:00
1579,19.0,Female,Mumbai,Books,3496.67,7256.51,33266.65,12.0,3.0,Yes,0.0691,2020-07-11 16:00:00
1580,68.0,Male,Bangalore,Clothing,3871.35,8134.02,46432.4,3.0,3.0,No,0.0983,2020-07-12 00:00:00
1581,67.0,Male,Pune,Food,2799.82,4980.84,36147.23,21.0,5.0,No,0.063,2020-07-12 08:00:00
1582,52.0,Female,Delhi,Clothing,4247.9,7425.29,42340.13,7.0,3.0,Yes,0.1476,2020-07-12 16:00:00
1583,40.0,Female,Bangalore,Clothing,6462.97,11824.47,89922.53,14.0,4.0,No,0.0059,2020-07-13 00:00:00
1584,34.0,Male,Chennai,Electronics,5773.44,9242.48,30594.04,24.0,4.0,Yes,0.2014,2020-07-13 08:00:00
1585,43.0,Other,Hyderabad,Clothing,6467.63,11448.12,41738.29,28.0,5.0,Yes,0.1569,2020-07-13 16:00:00
1586,25.0,Male,Delhi,Electronics,5783.21,11154.36,28152.55,11.0,2.0,No,0.2696,2020-07-14 00:00:00
1587,46.0,Male,Delhi,Electronics,3344.5,6662.05,23785.23,7.0,1.0,No,0.0493,2020-07-14 08:00:00
1588,43.0,Female,Chennai,Books,4503.82,7836.61,27106.97,25.0,2.0,No,0.2412,2020-07-14 16:00:00
1589,27.0,Male,Pune,Electronics,3829.7,7111.18,28584.52,21.0,2.0,Yes,0.2376,2020-07-15 00:00:00
1590,43.0,Female,Mumbai,Electronics,6995.86,11767.9,43466.16,10.0,2.0,Yes,0.0382,2020-07-15 08:00:00
1591,51.0,Male,Hyderabad,Electronics,3204.82,6472.17,117540.46,11.0,2.0,Yes,0.1196,2020-07-15 16:00:00
1592,68.0,Male,Delhi,Sports,6340.55,11335.17,25386.64,15.0,1.0,No,0.051,2020-07-16 00:00:00
1593,43.946638207043755,Other,Hyderabad,Clothing,6339.43,11135.02,29486.49,19.0,3.0,No,0.0764,2020-07-16 08:00:00
1594,24.0,Male,Delhi,Clothing,7744.43,13578.25,35187.23,16.0,2.0,No,0.079,2020-07-16 16:00:00
1595,21.0,Female,Hyderabad,Books,4385.47,7830.95,44262.78,22.0,4.0,Yes,0.1669,2020-07-17 00:00:00
1596,67.0,Male,Bangalore,Books,6068.48,10475.39,41430.62,21.0,5.0,Yes,0.1234,2020-07-17 08:00:00
1597,62.0,Male,Delhi,Electronics,8422.48,15818.61,69012.84,28.0,5.0,Yes,0.2843,2020-07-17 16:00:00
1598,28.0,Male,Chennai,Food,4073.54,6937.09,10794.63,20.0,4.0,Yes,0.0379,2020-07-18 00:00:00
1599,46.0,Female,Mumbai,Food,2697.44,6448.36,11009.73,12.0,2.0,Yes,0.2921,2020-07-18 08:00:00
1600,53.0,Male,Bangalore,Food,2179.98,5389.17,28340.89,18.0,1.0,No,0.0692,2020-07-18 16:00:00
1601,42.0,Female,Bangalore,Electronics,6069.07,10032.78,62859.04,23.0,3.0,No,0.2319,2020-07-19 00:00:00
1602,38.0,Male,Mumbai,Books,2175.27,3985.19,16600.3,13.0,5.0,No,0.1017,2020-07-19 08:00:00
1603,53.0,Other,Hyderabad,Clothing,4441.52,7344.08,8072.22,5.0,3.0,No,0.0429,2020-07-19 16:00:00
1604,27.0,Male,Chennai,Electronics,5655.97,9854.1,35509.43,4.0,1.0,Yes,0.2574,2020-07-20 00:00:00
1605,54.0,Female,Mumbai,Clothing,5277.76,11502.4,41020.56,28.0,5.0,No,0.0927,2020-07-20 08:00:00
1606,26.0,Female,Hyderabad,Electronics,5638.17,9841.13,21055.05,14.0,3.0,Yes,0.1977,2020-07-20 16:00:00
1607,41.0,Female,Mumbai,Electronics,5333.43,9960.4,22186.3,8.0,1.0,No,0.1699,2020-07-21 00:00:00
1608,52.0,Female,Mumbai,Food,6918.3,12994.26,22362.22,9.0,3.0,No,0.1415,2020-07-21 08:00:00
1609,66.0,Female,Delhi,Electronics,3571.53,5428.12,38379.07,25.0,2.0,Yes,0.1487,2020-07-21 16:00:00
1610,52.0,Female,Hyderabad,Clothing,3984.51,6317.02,26551.52,19.0,1.0,No,0.2197,2020-07-22 00:00:00
1611,65.0,Male,Chennai,Clothing,3841.01,5707.8,46491.83,3.0,3.0,Yes,0.0263,2020-07-22 08:00:00
1612,53.0,Male,Delhi,Electronics,6245.29,10355.55,8714.0,5.0,2.0,No,0.2005,2020-07-22 16:00:00
1613,35.0,Female,Mumbai,Sports,6350.6,8581.05,23660.78,21.0,2.0,No,0.2687,2020-07-23 00:00:00
1614,66.0,Female,Pune,Electronics,5676.84,10762.89,20681.05,26.0,1.0,Yes,0.0173,2020-07-23 08:00:00
1615,56.0,Female,Mumbai,Electronics,6775.24,14249.63,31946.88,18.0,4.0,No,0.0422,2020-07-23 16:00:00
1616,49.0,Male,Mumbai,Electronics,3232.94,5967.11,27749.58,1.0,5.0,No,0.215,2020-07-24 00:00:00
1617,41.0,Male,Hyderabad,Electronics,7500.84,12085.24,54117.99,8.0,1.0,No,0.1312,2020-07-24 08:00:00
1618,40.0,Male,Hyderabad,Electronics,7284.86,12469.97,14333.17,19.0,2.0,Yes,0.1211,2020-07-24 16:00:00
1619,49.0,Female,Delhi,Food,6103.43,10527.3,35509.43,17.0,2.0,No,0.0411,2020-07-25 00:00:00
1620,54.0,Male,Chennai,Sports,7672.7,12793.28,48010.17,17.0,1.0,Yes,0.152,2020-07-25 08:00:00
1621,29.0,Male,Delhi,Electronics,2515.07,5387.31,91887.82,11.0,4.0,Yes,0.038,2020-07-25 16:00:00
1622,43.946638207043755,Male,Bangalore,Food,4213.33,8394.25,28541.57,2.0,5.0,Yes,0.143,2020-07-26 00:00:00
1623,30.0,Male,Mumbai,Food,3897.04,5859.22,42711.75,6.0,3.0,Yes,0.2291,2020-07-26 08:00:00
1624,40.0,Female,Pune,Books,6082.22,11673.08,35509.43,22.0,2.913451511991658,Yes,0.0775,2020-07-26 16:00:00
1625,42.0,Male,Mumbai,Clothing,3424.79,7691.43,10982.1,14.0,5.0,No,0.1442,2020-07-27 00:00:00
1626,52.0,Female,Mumbai,Electronics,6136.24,12947.79,55402.9,3.0,5.0,Yes,0.2976,2020-07-27 08:00:00
1627,58.0,Male,Delhi,Electronics,7055.8,15565.65,36214.68,12.0,2.0,Yes,0.206,2020-07-27 16:00:00
1628,47.0,Male,Pune,Food,6042.8,9975.05,65464.05,4.0,3.0,Yes,0.2524,2020-07-28 00:00:00
1629,34.0,Male,Pune,Books,5425.63,12590.35,18275.17,12.0,1.0,No,0.1245,2020-07-28 08:00:00
1630,66.0,Male,Pune,Electronics,3518.19,5978.54,47096.36,13.0,2.0,No,0.2304,2020-07-28 16:00:00
1631,37.0,Male,Delhi,Clothing,3729.72,6121.03,92448.68,2.0,2.0,Yes,0.0122,2020-07-29 00:00:00
1632,65.0,Male,Mumbai,Sports,6874.43,12701.05,35509.43,2.0,4.0,Yes,0.0369,2020-07-29 08:00:00
1633,42.0,Female,Delhi,Books,6169.02,10522.17,35509.43,15.0,5.0,Yes,0.0609,2020-07-29 16:00:00
1634,39.0,Male,Hyderabad,Sports,4941.47,9293.69,36471.19,23.0,1.0,Yes,0.1206,2020-07-30 00:00:00
1635,30.0,Female,Hyderabad,Food,4373.14,6551.57,35509.43,29.0,1.0,Yes,0.2537,2020-07-30 08:00:00
1636,36.0,Female,Delhi,Clothing,1961.29,3291.57,71523.87,17.0,1.0,No,0.1039,2020-07-30 16:00:00
1637,66.0,Female,Pune,Clothing,3393.72,7394.28,35509.43,7.0,2.0,Yes,0.1964,2020-07-31 00:00:00
1638,53.0,Male,Mumbai,Food,7867.13,14103.77,46734.67,28.0,4.0,No,0.2128,2020-07-31 08:00:00
1639,29.0,Male,Delhi,Electronics,3079.32,5684.37,16622.01,14.0,3.0,Yes,0.1759,2020-07-31 16:00:00
1640,58.0,Male,Delhi,Clothing,5284.22,9986.85,20136.11,12.0,2.0,No,0.1072,2020-08-01 00:00:00
1641,43.946638207043755,Male,Delhi,Food,6511.17,12890.77,74424.74,17.0,3.0,No,0.1731,2020-08-01 08:00:00
1642,29.0,Other,Bangalore,Electronics,3117.62,3956.49,35509.43,14.0,4.0,No,0.1027,2020-08-01 16:00:00
1643,26.0,Male,Hyderabad,Food,5277.07,10083.25,75104.65,6.0,2.913451511991658,Yes,0.0252,2020-08-02 00:00:00
1644,24.0,Male,Pune,Clothing,6406.87,11264.23,34922.43,19.0,1.0,Yes,0.2978,2020-08-02 08:00:00
1645,45.0,Female,Chennai,Sports,5018.75,9200.39,14458.69,24.0,3.0,No,0.0382,2020-08-02 16:00:00
1646,31.0,Female,Pune,Electronics,9302.6,17804.63,56728.6,6.0,2.0,No,0.0217,2020-08-03 00:00:00
1647,48.0,Female,Chennai,Electronics,2497.1,3300.59,27039.49,27.0,3.0,No,0.2636,2020-08-03 08:00:00
1648,69.0,Male,Bangalore,Food,6588.09,10845.92,51500.38,18.0,5.0,No,0.0906,2020-08-03 16:00:00
1649,36.0,Male,Delhi,Electronics,4740.8,6598.01,36776.17,24.0,1.0,No,0.1951,2020-08-04 00:00:00
1650,64.0,Female,Bangalore,Food,6157.88,10535.03,16788.36,5.0,3.0,Yes,0.0987,2020-08-04 08:00:00
1651,33.0,Male,Bangalore,Food,5661.96,11521.96,39424.68,24.0,5.0,No,0.1174,2020-08-04 16:00:00
1652,22.0,Male,Mumbai,Electronics,3900.27,6899.9,108891.97,24.0,2.0,Yes,0.0786,2020-08-05 00:00:00
1653,43.946638207043755,Male,Hyderabad,Clothing,5343.49,8278.16,46466.79,6.0,4.0,Yes,0.1029,2020-08-05 08:00:00
1654,29.0,Male,Chennai,Clothing,2213.15,3497.99,35285.98,2.0,2.0,No,0.1232,2020-08-05 16:00:00
1655,42.0,Male,Delhi,Clothing,5904.87,9140.9,62172.73,8.0,1.0,Yes,0.2161,2020-08-06 00:00:00
1656,69.0,Male,Chennai,Sports,5447.24,8679.85,40349.5,15.0,2.0,No,0.1535,2020-08-06 08:00:00
1657,38.0,Female,Pune,Books,5957.99,11113.2,40326.62,15.0,2.0,Yes,0.2831,2020-08-06 16:00:00
1658,53.0,Female,Chennai,Food,6587.18,10683.05,21040.14,11.0,2.0,No,0.0126,2020-08-07 00:00:00
1659,40.0,Female,Chennai,Food,5551.43,11105.21,40819.86,22.0,2.0,No,0.1509,2020-08-07 08:00:00
1660,33.0,Male,Hyderabad,Clothing,5222.13,9328.71,60944.67,22.0,1.0,No,0.1753,2020-08-07 16:00:00
1661,43.946638207043755,Male,Pune,Sports,3678.4,6706.71,23908.01,24.0,5.0,Yes,0.2761,2020-08-08 00:00:00
1662,62.0,Male,Chennai,Food,3931.67,6798.63,74031.64,1.0,3.0,No,0.0147,2020-08-08 08:00:00
1663,59.0,Female,Chennai,Food,6780.1,12977.03,34687.93,18.0,4.0,No,0.172,2020-08-08 16:00:00
1664,56.0,Female,Pune,Books,7154.5,13661.26,23297.82,12.0,3.0,No,0.2561,2020-08-09 00:00:00
1665,31.0,Male,Bangalore,Electronics,4642.83,8692.15,35509.43,12.0,3.0,Yes,0.0726,2020-08-09 08:00:00
1666,48.0,Female,Hyderabad,Books,5069.0,9688.99,31464.11,25.0,4.0,No,0.2629,2020-08-09 16:00:00
1667,22.0,Male,Mumbai,Electronics,3643.08,6345.45,53090.72,11.0,1.0,No,0.0057,2020-08-10 00:00:00
1668,52.0,Female,Delhi,Electronics,6759.14,12708.66,31386.11,28.0,4.0,No,0.2197,2020-08-10 08:00:00
1669,40.0,Female,Chennai,Electronics,5998.13,10458.76,35245.28,8.0,1.0,No,0.2799,2020-08-10 16:00:00
1670,46.0,Female,Chennai,Sports,7911.83,14243.53,46480.13,28.0,3.0,No,0.1972,2020-08-11 00:00:00
1671,60.0,Female,Mumbai,Books,3682.52,6353.89,42000.99,7.0,1.0,Yes,0.1317,2020-08-11 08:00:00
1672,28.0,Female,Delhi,Food,4432.99,7522.16,13389.61,23.0,5.0,Yes,0.0135,2020-08-11 16:00:00
1673,35.0,Male,Chennai,Food,5347.17,8935.79,20730.85,21.0,4.0,Yes,0.276,2020-08-12 00:00:00
1674,64.0,Female,Pune,Clothing,5969.73,11213.2,57797.74,2.0,5.0,No,0.1411,2020-08-12 08:00:00
1675,29.0,Male,Bangalore,Sports,4676.5,9728.31,33993.74,11.0,3.0,No,0.0087,2020-08-12 16:00:00
1676,26.0,Female,Chennai,Clothing,3690.56,7814.11,35509.43,22.0,4.0,Yes,0.2069,2020-08-13 00:00:00
1677,27.0,Female,Mumbai,Clothing,6322.11,10123.23,18411.17,10.0,3.0,No,0.1446,2020-08-13 08:00:00
1678,61.0,Female,Delhi,Electronics,6081.7,12236.26,21165.59,3.0,5.0,No,0.0373,2020-08-13 16:00:00
1679,34.0,Male,Chennai,Food,3625.59,6207.9,35509.43,20.0,3.0,No,0.0643,2020-08-14 00:00:00
1680,55.0,Female,Bangalore,Food,7033.16,13260.42,35509.43,29.0,4.0,Yes,0.0193,2020-08-14 08:00:00
1681,24.0,Female,Pune,Clothing,6755.3,11253.32,26924.21,10.0,4.0,Yes,0.1723,2020-08-14 16:00:00
1682,63.0,Female,Chennai,Electronics,5201.44,9504.57,22397.53,28.0,3.0,Yes,0.1866,2020-08-15 00:00:00
1683,30.0,Male,Mumbai,Books,5119.4,9528.64,35099.36,27.0,4.0,Yes,0.1517,2020-08-15 08:00:00
1684,57.0,Male,Bangalore,Electronics,5831.09,9011.36,43563.95,18.0,4.0,Yes,0.2451,2020-08-15 16:00:00
1685,59.0,Male,Delhi,Food,3707.45,7281.68,103424.69,14.0,3.0,Yes,0.2583,2020-08-16 00:00:00
1686,26.0,Male,Bangalore,Sports,5045.05,10427.03,17052.61,18.0,5.0,No,0.1847,2020-08-16 08:00:00
1687,43.946638207043755,Female,Bangalore,Clothing,1771.42,3013.91,64840.81,28.0,4.0,Yes,0.0038,2020-08-16 16:00:00
1688,44.0,Male,Hyderabad,Electronics,6314.68,12726.59,59074.27,24.0,4.0,No,0.2086,2020-08-17 00:00:00
1689,19.0,Other,Bangalore,Food,2657.76,4594.27,24598.82,8.0,4.0,Yes,0.1254,2020-08-17 08:00:00
1690,22.0,Male,Bangalore,Books,7255.13,13908.82,40199.83,10.0,4.0,Yes,0.1697,2020-08-17 16:00:00
1691,46.0,Male,Chennai,Clothing,4504.82,5890.11,28888.05,22.0,3.0,Yes,0.1947,2020-08-18 00:00:00
1692,54.0,Female,Delhi,Sports,4682.5,10847.28,39848.67,13.0,5.0,Yes,0.1051,2020-08-18 08:00:00
1693,55.0,Female,Chennai,Electronics,4058.4,8800.58,77231.72,21.0,5.0,No,0.2751,2020-08-18 16:00:00
1694,36.0,Male,Chennai,Clothing,4567.94,7937.67,49158.4,8.0,2.913451511991658,Yes,0.0402,2020-08-19 00:00:00
1695,43.946638207043755,Female,Chennai,Food,7127.8,10857.95,46831.17,4.0,4.0,No,0.2015,2020-08-19 08:00:00
1696,65.0,Female,Chennai,Books,1268.29,2570.95,29285.43,27.0,2.913451511991658,No,0.0013,2020-08-19 16:00:00
1697,62.0,Male,Hyderabad,Electronics,6915.45,11003.88,17291.52,4.0,1.0,No,0.2774,2020-08-20 00:00:00
1698,18.0,Other,Hyderabad,Books,5507.04,10357.53,35509.43,5.0,5.0,No,0.0338,2020-08-20 08:00:00
1699,39.0,Other,Mumbai,Clothing,3189.47,6152.61,66390.16,1.0,2.0,No,0.0285,2020-08-20 16:00:00
1700,69.0,Female,Pune,Clothing,3387.03,5155.25,16922.78,17.0,2.0,Yes,0.0999,2020-08-21 00:00:00
1701,34.0,Male,Delhi,Electronics,7514.59,14647.23,21428.03,2.0,5.0,No,0.1121,2020-08-21 08:00:00
1702,43.946638207043755,Female,Delhi,Books,3581.74,7252.71,38682.16,8.0,4.0,Yes,0.0643,2020-08-21 16:00:00
1703,42.0,Male,Chennai,Electronics,3269.97,6861.77,22196.12,7.0,2.0,Yes,0.1755,2020-08-22 00:00:00
1704,62.0,Male,Chennai,Electronics,6705.97,12079.6,24434.18,15.0,2.913451511991658,No,0.1329,2020-08-22 08:00:00
1705,21.0,Male,Pune,Electronics,5507.83,8498.57,29383.86,26.0,3.0,No,0.0103,2020-08-22 16:00:00
1706,53.0,Male,Chennai,Books,3593.11,7445.47,18346.45,25.0,1.0,No,0.0959,2020-08-23 00:00:00
1707,23.0,Female,Delhi,Food,5324.94,9314.52,22313.32,5.0,5.0,Yes,0.2431,2020-08-23 08:00:00
1708,48.0,Female,Bangalore,Food,3461.37,4840.69,51622.55,2.0,2.913451511991658,No,0.2069,2020-08-23 16:00:00
1709,36.0,Female,Hyderabad,Electronics,6651.23,13324.25,18888.62,7.0,2.0,Yes,0.2175,2020-08-24 00:00:00
1710,61.0,Male,Bangalore,Food,6592.06,13965.12,16334.98,8.0,4.0,Yes,0.2094,2020-08-24 08:00:00
1711,56.0,Male,Bangalore,Clothing,5798.01,10395.17,26502.32,28.0,5.0,Yes,0.0933,2020-08-24 16:00:00
1712,44.0,Male,Delhi,Books,5542.49,12135.6,52364.16,7.0,2.0,No,0.0299,2020-08-25 00:00:00
1713,27.0,Other,Bangalore,Sports,7641.78,13846.52,32910.24,7.0,2.0,Yes,0.0817,2020-08-25 08:00:00
1714,43.946638207043755,Male,Pune,Electronics,4999.53,8618.7,28787.87,28.0,5.0,No,0.2495,2020-08-25 16:00:00
1715,36.0,Female,Mumbai,Food,3227.19,5178.48,37129.96,14.0,2.0,No,0.2941,2020-08-26 00:00:00
1716,43.946638207043755,Female,Chennai,Electronics,5674.21,11850.66,35509.43,21.0,1.0,No,0.1482,2020-08-26 08:00:00
1717,20.0,Male,Mumbai,Clothing,8129.07,13852.18,46506.75,18.0,1.0,No,0.0029,2020-08-26 16:00:00
1718,62.0,Female,Chennai,Electronics,3477.86,6995.42,43990.0,6.0,5.0,No,0.042,2020-08-27 00:00:00
1719,30.0,Male,Chennai,Electronics,4457.81,7464.89,29594.56,4.0,4.0,No,0.0966,2020-08-27 08:00:00
1720,67.0,Female,Bangalore,Clothing,5624.67,9664.1,35509.43,10.0,1.0,No,0.1736,2020-08-27 16:00:00
1721,45.0,Female,Hyderabad,Food,4919.14,9884.7,20666.14,18.0,1.0,Yes,0.0225,2020-08-28 00:00:00
1722,37.0,Male,Chennai,Electronics,3526.54,5967.74,63828.46,12.0,5.0,No,0.283,2020-08-28 08:00:00
1723,43.946638207043755,Male,Pune,Food,6682.79,11624.23,39231.95,16.0,3.0,No,0.1095,2020-08-28 16:00:00
1724,25.0,Female,Pune,Clothing,8480.06,16396.91,30690.97,25.0,2.0,Yes,0.2738,2020-08-29 00:00:00
1725,58.0,Female,Pune,Electronics,5294.2,11126.96,35956.43,7.0,1.0,Yes,0.2342,2020-08-29 08:00:00
1726,56.0,Male,Pune,Food,3643.9,7203.71,35509.43,6.0,3.0,No,0.2266,2020-08-29 16:00:00
1727,43.946638207043755,Female,Bangalore,Electronics,2676.56,4163.04,66845.65,28.0,4.0,Yes,0.182,2020-08-30 00:00:00
1728,20.0,Female,Chennai,Clothing,5386.96,9185.92,35509.43,5.0,3.0,No,0.188,2020-08-30 08:00:00
1729,30.0,Female,Chennai,Food,6655.82,12060.39,24803.51,3.0,5.0,Yes,0.1914,2020-08-30 16:00:00
1730,45.0,Male,Bangalore,Electronics,5712.75,10603.88,35509.43,12.0,4.0,No,0.1886,2020-08-31 00:00:00
1731,66.0,Female,Pune,Electronics,4996.39,8005.64,26963.32,15.0,4.0,Yes,0.1661,2020-08-31 08:00:00
1732,42.0,Female,Mumbai,Clothing,4116.09,8132.0,56969.23,10.0,3.0,No,0.2959,2020-08-31 16:00:00
1733,50.0,Male,Hyderabad,Sports,3361.75,6136.66,84941.49,26.0,5.0,No,0.2197,2020-09-01 00:00:00
1734,55.0,Male,Hyderabad,Food,6252.13,9538.13,29705.95,20.0,1.0,No,0.2331,2020-09-01 08:00:00
1735,23.0,Other,Hyderabad,Food,6370.66,10538.26,51056.14,19.0,3.0,No,0.2617,2020-09-01 16:00:00
1736,61.0,Male,Pune,Food,2681.41,4322.41,20397.22,16.0,1.0,Yes,0.0647,2020-09-02 00:00:00
1737,43.946638207043755,Female,Hyderabad,Electronics,7384.76,13219.71,52963.94,28.0,3.0,Yes,0.0251,2020-09-02 08:00:00
1738,49.0,Male,Delhi,Clothing,5861.11,12439.28,40123.28,11.0,2.913451511991658,Yes,0.1449,2020-09-02 16:00:00
1739,62.0,Male,Chennai,Food,7099.39,13017.07,46005.63,8.0,3.0,No,0.1542,2020-09-03 00:00:00
1740,64.0,Female,Chennai,Electronics,2986.81,4535.49,26297.1,3.0,4.0,Yes,0.2488,2020-09-03 08:00:00
1741,38.0,Male,Pune,Electronics,2951.26,5532.9,35509.43,23.0,2.0,Yes,0.1331,2020-09-03 16:00:00
1742,33.0,Female,Delhi,Electronics,4776.55,8245.7,46705.91,7.0,4.0,No,0.1713,2020-09-04 00:00:00
1743,38.0,Male,Bangalore,Clothing,5754.18,10682.28,12942.85,23.0,1.0,No,0.1581,2020-09-04 08:00:00
1744,28.0,Female,Bangalore,Sports,7694.54,14430.74,30987.05,29.0,5.0,No,0.0115,2020-09-04 16:00:00
1745,54.0,Male,Hyderabad,Electronics,6059.12,12115.65,58138.94,7.0,4.0,Yes,0.1846,2020-09-05 00:00:00
1746,53.0,Male,Mumbai,Clothing,4635.98,8320.48,39972.57,14.0,2.0,Yes,0.2484,2020-09-05 08:00:00
1747,52.0,Other,Bangalore,Electronics,3460.45,7867.77,96198.72,2.0,1.0,No,0.0473,2020-09-05 16:00:00
1748,36.0,Male,Mumbai,Sports,6845.0,13229.02,35509.43,10.0,4.0,Yes,0.1783,2020-09-06 00:00:00
1749,37.0,Female,Chennai,Electronics,3552.94,5687.85,35509.43,19.0,3.0,No,0.1781,2020-09-06 08:00:00
1750,35.0,Male,Mumbai,Clothing,7442.7,15606.72,36814.85,26.0,5.0,No,0.0493,2020-09-06 16:00:00
1751,64.0,Female,Chennai,Food,4573.42,8559.15,35465.46,9.0,1.0,No,0.037,2020-09-07 00:00:00
1752,58.0,Male,Delhi,Food,7385.87,12459.44,35509.43,16.0,4.0,Yes,0.294,2020-09-07 08:00:00
1753,66.0,Other,Delhi,Clothing,6018.4,12486.03,22692.74,19.0,1.0,No,0.1181,2020-09-07 16:00:00
1754,31.0,Male,Pune,Electronics,4794.51,10707.9,27436.23,18.0,3.0,No,0.0682,2020-09-08 00:00:00
1755,32.0,Male,Pune,Clothing,4220.91,7564.61,35509.43,9.0,2.0,No,0.0514,2020-09-08 08:00:00
1756,48.0,Male,Hyderabad,Electronics,4488.64,7575.9,37188.2,16.0,4.0,Yes,0.2003,2020-09-08 16:00:00
1757,18.0,Male,Bangalore,Electronics,5642.48,9984.09,32063.19,13.0,1.0,Yes,0.1828,2020-09-09 00:00:00
1758,20.0,Female,Chennai,Clothing,5115.73,9923.05,15733.59,10.0,1.0,Yes,0.1931,2020-09-09 08:00:00
1759,33.0,Male,Chennai,Electronics,4109.28,8674.56,44449.39,25.0,1.0,No,0.0264,2020-09-09 16:00:00
1760,40.0,Female,Hyderabad,Electronics,4751.55,9123.28,51944.77,20.0,2.0,No,0.2681,2020-09-10 00:00:00
1761,28.0,Male,Mumbai,Food,5117.87,9313.89,40681.03,14.0,1.0,Yes,0.1168,2020-09-10 08:00:00
1762,29.0,Male,Chennai,Sports,1806.9,4750.43,30883.15,12.0,5.0,No,0.094,2020-09-10 16:00:00
1763,27.0,Female,Pune,Food,5687.25,9924.21,48811.49,25.0,5.0,Yes,0.1387,2020-09-11 00:00:00
1764,43.946638207043755,Female,Delhi,Electronics,3530.42,7385.68,35509.43,19.0,1.0,No,0.117,2020-09-11 08:00:00
1765,33.0,Male,Pune,Electronics,3270.0,5597.94,42349.07,7.0,5.0,No,0.2591,2020-09-11 16:00:00
1766,25.0,Male,Bangalore,Sports,2468.98,4875.19,24045.28,23.0,4.0,Yes,0.2788,2020-09-12 00:00:00
1767,55.0,Male,Chennai,Electronics,2309.16,4042.93,41701.83,15.0,5.0,Yes,0.091,2020-09-12 08:00:00
1768,43.946638207043755,Female,Chennai,Electronics,2966.83,5284.44,66021.8,16.0,1.0,Yes,0.2592,2020-09-12 16:00:00
1769,41.0,Female,Mumbai,Clothing,3936.47,6708.26,26948.57,27.0,3.0,No,0.2345,2020-09-13 00:00:00
1770,45.0,Male,Bangalore,Food,7929.89,15618.66,35509.43,8.0,4.0,No,0.2792,2020-09-13 08:00:00
1771,25.0,Female,Delhi,Food,4211.18,6847.2,27922.4,10.0,2.0,No,0.0737,2020-09-13 16:00:00
1772,45.0,Female,Chennai,Electronics,5266.63,8739.7,36908.73,4.0,1.0,Yes,0.1731,2020-09-14 00:00:00
1773,53.0,Female,Chennai,Electronics,5600.72,12202.29,25945.6,19.0,2.0,No,0.0824,2020-09-14 08:00:00
1774,43.0,Female,Mumbai,Sports,5196.6,10331.73,40604.55,19.0,3.0,Yes,0.2472,2020-09-14 16:00:00
1775,25.0,Male,Hyderabad,Electronics,4883.83,6405.78,15197.54,28.0,2.913451511991658,No,0.0016,2020-09-15 00:00:00
1776,67.0,Male,Delhi,Food,3207.06,5207.45,27638.89,21.0,1.0,Yes,0.1694,2020-09-15 08:00:00
1777,45.0,Male,Pune,Food,7176.39,11105.51,21034.92,27.0,1.0,No,0.1018,2020-09-15 16:00:00
1778,45.0,Male,Bangalore,Food,7710.79,12928.73,38858.0,15.0,3.0,No,0.0968,2020-09-16 00:00:00
1779,54.0,Female,Chennai,Electronics,2476.01,1318.3,59708.14,14.0,1.0,No,0.1935,2020-09-16 08:00:00
1780,58.0,Female,Chennai,Electronics,3463.96,6098.14,50161.5,1.0,3.0,No,0.2554,2020-09-16 16:00:00
1781,53.0,Male,Pune,Clothing,4580.28,7102.56,35509.43,16.0,3.0,Yes,0.1828,2020-09-17 00:00:00
1782,43.946638207043755,Male,Delhi,Books,3553.19,6455.65,100814.23,10.0,1.0,Yes,0.256,2020-09-17 08:00:00
1783,34.0,Male,Hyderabad,Sports,5758.95,8740.99,42093.14,19.0,5.0,No,0.0794,2020-09-17 16:00:00
1784,26.0,Female,Chennai,Electronics,3907.59,7116.57,24630.74,22.0,2.913451511991658,Yes,0.1559,2020-09-18 00:00:00
1785,50.0,Male,Delhi,Electronics,8247.58,14430.73,39283.66,3.0,1.0,Yes,0.1352,2020-09-18 08:00:00
1786,37.0,Female,Pune,Sports,6785.82,13716.43,39659.86,5.0,5.0,No,0.0035,2020-09-18 16:00:00
1787,30.0,Male,Mumbai,Food,5318.86,10985.3,26018.83,9.0,3.0,No,0.167,2020-09-19 00:00:00
1788,45.0,Male,Hyderabad,Books,6540.48,12558.21,40093.05,18.0,5.0,Yes,0.1985,2020-09-19 08:00:00
1789,65.0,Other,Bangalore,Electronics,6658.85,11659.32,26802.86,11.0,2.913451511991658,Yes,0.1776,2020-09-19 16:00:00
1790,46.0,Other,Chennai,Clothing,4154.08,9462.72,29667.84,16.0,4.0,Yes,0.2209,2020-09-20 00:00:00
1791,30.0,Male,Delhi,Food,3775.67,5243.17,25767.27,2.0,5.0,No,0.1714,2020-09-20 08:00:00
1792,63.0,Other,Mumbai,Food,5117.21,7807.42,17741.55,12.0,3.0,No,0.02,2020-09-20 16:00:00
1793,52.0,Female,Bangalore,Clothing,6292.45,11242.63,39062.5,22.0,1.0,No,0.0349,2020-09-21 00:00:00
1794,23.0,Female,Delhi,Electronics,5208.59,11629.5,35509.43,6.0,2.0,No,0.1789,2020-09-21 08:00:00
1795,35.0,Male,Delhi,Clothing,2634.51,4539.78,46978.33,11.0,2.913451511991658,Yes,0.0825,2020-09-21 16:00:00
1796,68.0,Female,Bangalore,Electronics,3795.76,6649.12,35509.43,27.0,2.0,No,0.0239,2020-09-22 00:00:00
1797,22.0,Male,Mumbai,Clothing,4889.04,7358.36,42709.22,8.0,2.913451511991658,No,0.1289,2020-09-22 08:00:00
1798,43.946638207043755,Female,Pune,Sports,4886.5,9741.63,27823.53,12.0,3.0,Yes,0.1663,2020-09-22 16:00:00
1799,42.0,Male,Mumbai,Clothing,7958.81,15279.03,55261.51,29.0,5.0,No,0.0986,2020-09-23 00:00:00
1800,19.0,Male,Chennai,Books,2921.02,6046.91,18420.9,27.0,1.0,No,0.2161,2020-09-23 08:00:00
1801,27.0,Male,Chennai,Electronics,5758.38,9735.86,23148.01,2.0,5.0,No,0.1931,2020-09-23 16:00:00
1802,47.0,Female,Bangalore,Food,7233.67,12313.9,22424.29,9.0,4.0,No,0.0998,2020-09-24 00:00:00
1803,67.0,Male,Pune,Sports,8407.17,13839.78,62319.4,15.0,3.0,Yes,0.2265,2020-09-24 08:00:00
1804,43.946638207043755,Female,Bangalore,Electronics,4393.4,7991.99,58185.66,2.0,3.0,Yes,0.1946,2020-09-24 16:00:00
1805,22.0,Other,Bangalore,Electronics,5737.14,9246.44,46334.99,29.0,4.0,No,0.1912,2020-09-25 00:00:00
1806,50.0,Male,Mumbai,Clothing,5854.64,9360.94,35509.43,1.0,1.0,Yes,0.166,2020-09-25 08:00:00
1807,18.0,Female,Chennai,Electronics,5293.22,9104.11,23396.9,10.0,4.0,No,0.0034,2020-09-25 16:00:00
1808,35.0,Male,Hyderabad,Food,4851.73,8243.96,43230.33,2.0,1.0,No,0.209,2020-09-26 00:00:00
1809,49.0,Female,Delhi,Sports,5653.96,9639.15,34112.28,12.0,2.0,No,0.1128,2020-09-26 08:00:00
1810,64.0,Male,Delhi,Clothing,1201.63,2629.38,55461.32,23.0,3.0,No,0.2828,2020-09-26 16:00:00
1811,66.0,Female,Bangalore,Electronics,6023.1,10920.63,34282.42,8.0,1.0,No,0.2454,2020-09-27 00:00:00
1812,28.0,Female,Chennai,Clothing,5189.27,9052.53,29957.31,5.0,5.0,No,0.1763,2020-09-27 08:00:00
1813,38.0,Female,Pune,Food,4666.29,8582.33,47593.63,22.0,5.0,No,0.0757,2020-09-27 16:00:00
1814,43.0,Female,Mumbai,Electronics,8070.29,13534.99,56279.44,28.0,3.0,Yes,0.0611,2020-09-28 00:00:00
1815,42.0,Male,Chennai,Clothing,3987.6,7282.96,35509.43,1.0,4.0,Yes,0.1021,2020-09-28 08:00:00
1816,43.946638207043755,Female,Chennai,Food,4395.39,8062.3,35509.43,15.0,4.0,Yes,0.143,2020-09-28 16:00:00
1817,44.0,Female,Mumbai,Food,7987.33,12874.15,21392.16,6.0,1.0,Yes,0.0888,2020-09-29 00:00:00
1818,66.0,Female,Bangalore,Electronics,3751.91,7749.13,10414.66,12.0,2.913451511991658,Yes,0.1545,2020-09-29 08:00:00
1819,30.0,Male,Chennai,Food,4174.83,6633.26,40144.06,8.0,3.0,Yes,0.0496,2020-09-29 16:00:00
1820,43.946638207043755,Female,Delhi,Electronics,4779.46,8693.34,49239.56,13.0,1.0,No,0.2933,2020-09-30 00:00:00
1821,43.946638207043755,Female,Mumbai,Electronics,6261.1,12434.39,41399.89,19.0,2.0,No,0.0324,2020-09-30 08:00:00
1822,58.0,Female,Pune,Books,5311.7,10486.74,13700.93,27.0,4.0,Yes,0.2796,2020-09-30 16:00:00
1823,52.0,Male,Hyderabad,Food,3061.06,5544.24,30472.36,1.0,4.0,No,0.2741,2020-10-01 00:00:00
1824,18.0,Female,Bangalore,Electronics,4201.75,7200.65,11977.99,11.0,1.0,No,0.1576,2020-10-01 08:00:00
1825,38.0,Male,Mumbai,Electronics,4088.97,8307.66,72030.91,20.0,5.0,Yes,0.2175,2020-10-01 16:00:00
1826,43.946638207043755,Female,Hyderabad,Electronics,4884.17,9466.2,21098.83,1.0,4.0,No,0.1308,2020-10-02 00:00:00
1827,23.0,Male,Hyderabad,Electronics,5638.77,9531.42,68029.85,8.0,2.913451511991658,No,0.189,2020-10-02 08:00:00
1828,45.0,Female,Pune,Electronics,5627.31,9334.26,58275.37,5.0,4.0,Yes,0.1022,2020-10-02 16:00:00
1829,34.0,Other,Chennai,Electronics,2335.98,2132.41,35509.43,17.0,2.0,No,0.0903,2020-10-03 00:00:00
1830,22.0,Male,Pune,Clothing,6595.91,12026.67,35509.43,8.0,4.0,Yes,0.1735,2020-10-03 08:00:00
1831,48.0,Other,Chennai,Food,5378.85,9599.23,43268.71,25.0,5.0,No,0.1494,2020-10-03 16:00:00
1832,22.0,Male,Chennai,Food,7076.8,13874.43,35509.43,10.0,4.0,Yes,0.1739,2020-10-04 00:00:00
1833,55.0,Female,Mumbai,Food,5666.3,10558.4,35509.43,2.0,1.0,No,0.086,2020-10-04 08:00:00
1834,20.0,Female,Mumbai,Electronics,6651.98,13307.79,28526.43,9.0,4.0,No,0.1101,2020-10-04 16:00:00
1835,40.0,Female,Bangalore,Sports,5699.82,9562.31,35509.43,24.0,5.0,No,0.0252,2020-10-05 00:00:00
1836,54.0,Female,Chennai,Books,7019.34,13772.96,11905.62,23.0,1.0,Yes,0.0157,2020-10-05 08:00:00
1837,54.0,Female,Hyderabad,Books,5783.38,9881.17,40673.91,3.0,3.0,No,0.076,2020-10-05 16:00:00
1838,27.0,Male,Delhi,Books,4853.13,9513.23,27425.3,18.0,1.0,No,0.0223,2020-10-06 00:00:00
1839,27.0,Male,Bangalore,Sports,8408.65,13676.81,27541.66,7.0,2.913451511991658,No,0.0311,2020-10-06 08:00:00
1840,36.0,Female,Mumbai,Clothing,6333.56,11635.54,51427.68,15.0,1.0,No,0.2439,2020-10-06 16:00:00
1841,43.946638207043755,Female,Pune,Electronics,5860.62,8564.43,65298.29,21.0,3.0,No,0.0117,2020-10-07 00:00:00
1842,38.0,Female,Bangalore,Food,3085.54,5286.83,31689.09,22.0,4.0,No,0.1977,2020-10-07 08:00:00
1843,31.0,Female,Bangalore,Food,3067.54,5961.93,30628.94,20.0,1.0,No,0.0818,2020-10-07 16:00:00
1844,26.0,Male,Bangalore,Food,5439.07,9269.36,46633.36,18.0,1.0,No,0.2615,2020-10-08 00:00:00
1845,63.0,Female,Bangalore,Clothing,5218.28,8342.47,35509.43,25.0,1.0,No,0.1455,2020-10-08 08:00:00
1846,43.946638207043755,Male,Delhi,Electronics,4078.82,8187.99,40602.16,3.0,1.0,No,0.0917,2020-10-08 16:00:00
1847,68.0,Female,Pune,Clothing,5211.47,9277.18,47855.58,28.0,3.0,Yes,0.1553,2020-10-09 00:00:00
1848,62.0,Male,Pune,Sports,7382.94,12799.72,51027.25,23.0,5.0,No,0.1146,2020-10-09 08:00:00
1849,30.0,Male,Pune,Clothing,6043.1,10919.48,13788.96,14.0,5.0,No,0.1693,2020-10-09 16:00:00
1850,21.0,Male,Chennai,Clothing,3288.49,8555.95,24817.95,24.0,1.0,Yes,0.0344,2020-10-10 00:00:00
1851,18.0,Male,Hyderabad,Electronics,4832.74,9852.43,23408.83,2.0,3.0,No,0.2991,2020-10-10 08:00:00
1852,66.0,Female,Chennai,Clothing,3792.55,7989.16,35509.43,14.0,3.0,No,0.1277,2020-10-10 16:00:00
1853,57.0,Male,Bangalore,Books,4418.45,8388.76,46183.24,22.0,1.0,Yes,0.1045,2020-10-11 00:00:00
1854,49.0,Male,Bangalore,Food,4379.58,8049.73,76753.57,11.0,2.0,No,0.2131,2020-10-11 08:00:00
1855,51.0,Male,Pune,Food,4283.53,5314.27,28353.83,16.0,1.0,Yes,0.1092,2020-10-11 16:00:00
1856,45.0,Male,Pune,Clothing,3117.3,4932.16,28316.89,8.0,2.0,Yes,0.25,2020-10-12 00:00:00
1857,48.0,Male,Bangalore,Food,4808.52,8174.76,64526.81,7.0,1.0,No,0.1363,2020-10-12 08:00:00
1858,25.0,Male,Chennai,Electronics,4159.09,5611.47,42120.44,11.0,2.913451511991658,Yes,0.2159,2020-10-12 16:00:00
1859,56.0,Female,Mumbai,Food,605.83,-66.92,68447.74,3.0,2.913451511991658,Yes,0.0322,2020-10-13 00:00:00
1860,43.0,Female,Mumbai,Clothing,8079.46,12562.19,35509.43,17.0,1.0,No,0.2538,2020-10-13 08:00:00
1861,51.0,Female,Pune,Clothing,6633.15,11901.35,20362.33,14.0,2.0,Yes,0.2207,2020-10-13 16:00:00
1862,20.0,Male,Delhi,Food,4435.55,8802.76,18646.91,6.0,4.0,No,0.0635,2020-10-14 00:00:00
1863,67.0,Male,Pune,Sports,5028.23,10157.59,16718.04,8.0,5.0,No,0.0436,2020-10-14 08:00:00
1864,29.0,Female,Pune,Electronics,3242.52,6251.32,50565.56,22.0,3.0,Yes,0.0949,2020-10-14 16:00:00
1865,18.0,Female,Mumbai,Books,7543.58,12615.05,65794.95,5.0,2.0,Yes,0.2928,2020-10-15 00:00:00
1866,61.0,Male,Bangalore,Electronics,7845.93,12190.61,91553.71,27.0,2.0,No,0.077,2020-10-15 08:00:00
1867,22.0,Male,Pune,Clothing,5235.04,7666.2,55356.68,28.0,3.0,No,0.1368,2020-10-15 16:00:00
1868,47.0,Male,Bangalore,Electronics,6535.3,10494.56,64953.01,8.0,2.0,Yes,0.009,2020-10-16 00:00:00
1869,47.0,Male,Bangalore,Electronics,5262.93,8584.41,27173.35,2.0,3.0,No,0.1192,2020-10-16 08:00:00
1870,34.0,Male,Delhi,Clothing,2994.91,5231.09,20369.46,15.0,1.0,Yes,0.1714,2020-10-16 16:00:00
1871,65.0,Female,Bangalore,Electronics,4382.26,6873.9,35509.43,12.0,4.0,No,0.2859,2020-10-17 00:00:00
1872,64.0,Female,Mumbai,Clothing,5197.89,9695.18,44749.72,17.0,4.0,Yes,0.155,2020-10-17 08:00:00
1873,40.0,Female,Chennai,Sports,4318.18,7540.45,38319.81,1.0,5.0,Yes,0.2457,2020-10-17 16:00:00
1874,32.0,Female,Chennai,Electronics,4672.02,8420.18,44076.66,15.0,2.0,Yes,0.1641,2020-10-18 00:00:00
1875,54.0,Female,Hyderabad,Food,4862.9,9893.47,42684.57,14.0,5.0,No,0.0122,2020-10-18 08:00:00
1876,43.946638207043755,Female,Pune,Clothing,4878.68,7601.39,35509.43,20.0,1.0,No,0.0945,2020-10-18 16:00:00
1877,31.0,Other,Mumbai,Food,5078.39,9559.81,69389.64,22.0,4.0,No,0.1727,2020-10-19 00:00:00
1878,19.0,Male,Bangalore,Electronics,3409.09,6122.39,47672.51,16.0,1.0,Yes,0.2852,2020-10-19 08:00:00
1879,28.0,Male,Chennai,Electronics,3924.48,6730.58,55431.4,29.0,1.0,Yes,0.2577,2020-10-19 16:00:00
1880,68.0,Male,Mumbai,Electronics,3073.12,6416.87,46959.05,9.0,2.0,Yes,0.0685,2020-10-20 00:00:00
1881,56.0,Female,Chennai,Electronics,6466.72,12519.11,28837.02,1.0,1.0,No,0.066,2020-10-20 08:00:00
1882,55.0,Female,Bangalore,Electronics,1841.53,2368.26,53012.46,28.0,4.0,No,0.0604,2020-10-20 16:00:00
1883,43.946638207043755,Male,Chennai,Food,6730.39,11932.54,18083.45,17.0,2.913451511991658,No,0.2767,2020-10-21 00:00:00
1884,55.0,Female,Pune,Books,7079.52,13024.35,61509.43,29.0,4.0,Yes,0.2558,2020-10-21 08:00:00
1885,67.0,Male,Pune,Books,4546.73,7911.11,19985.03,13.0,2.0,No,0.2325,2020-10-21 16:00:00
1886,51.0,Female,Hyderabad,Food,1095.29,2556.54,41894.16,21.0,2.913451511991658,Yes,0.1178,2020-10-22 00:00:00
1887,35.0,Male,Chennai,Electronics,4458.03,8305.65,23799.58,26.0,3.0,No,0.1513,2020-10-22 08:00:00
1888,47.0,Male,Chennai,Electronics,4903.72,10659.26,47891.56,21.0,5.0,Yes,0.1393,2020-10-22 16:00:00
1889,32.0,Male,Mumbai,Electronics,3484.1,4741.1,35509.43,5.0,3.0,No,0.076,2020-10-23 00:00:00
1890,44.0,Male,Pune,Electronics,4227.17,7486.47,16360.45,10.0,3.0,Yes,0.1515,2020-10-23 08:00:00
1891,68.0,Male,Mumbai,Clothing,7295.29,12223.02,35509.43,6.0,2.0,No,0.0091,2020-10-23 16:00:00
1892,51.0,Male,Mumbai,Clothing,5997.39,11399.41,35509.43,24.0,1.0,No,0.0395,2020-10-24 00:00:00
1893,69.0,Female,Chennai,Clothing,3613.15,4886.5,56419.68,19.0,3.0,No,0.266,2020-10-24 08:00:00
1894,55.0,Female,Mumbai,Clothing,2603.6,5032.79,35509.43,25.0,4.0,No,0.2255,2020-10-24 16:00:00
1895,50.0,Male,Pune,Books,4509.47,7487.0,44254.42,13.0,1.0,No,0.1269,2020-10-25 00:00:00
1896,41.0,Female,Bangalore,Food,4679.81,7689.5,22498.76,1.0,4.0,No,0.1551,2020-10-25 08:00:00
1897,32.0,Female,Hyderabad,Electronics,5744.3,8893.24,27047.07,20.0,4.0,No,0.111,2020-10-25 16:00:00
1898,47.0,Male,Bangalore,Sports,4197.02,7089.56,35509.43,25.0,1.0,Yes,0.2222,2020-10-26 00:00:00
1899,43.946638207043755,Male,Mumbai,Sports,5767.25,11465.55,55734.31,15.0,1.0,No,0.2353,2020-10-26 08:00:00
1900,68.0,Male,Bangalore,Electronics,7902.73,14199.73,84009.78,14.0,4.0,No,0.229,2020-10-26 16:00:00
1901,34.0,Male,Pune,Clothing,6223.25,11829.53,24280.14,8.0,2.0,Yes,0.2168,2020-10-27 00:00:00
1902,22.0,Female,Pune,Clothing,4927.87,10534.81,62219.52,10.0,5.0,No,0.0614,2020-10-27 08:00:00
1903,46.0,Male,Mumbai,Sports,4725.27,8769.24,12273.05,9.0,5.0,Yes,0.1014,2020-10-27 16:00:00
1904,21.0,Female,Chennai,Books,4464.99,7478.18,19988.36,17.0,2.0,Yes,0.141,2020-10-28 00:00:00
1905,27.0,Female,Bangalore,Electronics,6770.96,12654.98,22485.16,9.0,2.913451511991658,Yes,0.0992,2020-10-28 08:00:00
1906,34.0,Male,Chennai,Clothing,4059.03,6761.96,18467.09,3.0,4.0,Yes,0.2265,2020-10-28 16:00:00
1907,27.0,Female,Chennai,Clothing,5067.83,8617.67,16452.06,11.0,5.0,No,0.0988,2020-10-29 00:00:00
1908,34.0,Male,Delhi,Clothing,5076.8,7618.35,44645.08,12.0,4.0,No,0.0415,2020-10-29 08:00:00
1909,37.0,Other,Mumbai,Electronics,4247.32,8571.43,35509.43,10.0,2.913451511991658,No,0.1197,2020-10-29 16:00:00
1910,41.0,Male,Hyderabad,Books,2941.3,4908.34,43901.45,25.0,4.0,No,0.294,2020-10-30 00:00:00
1911,22.0,Female,Pune,Food,5484.46,10054.13,35509.43,17.0,2.0,Yes,0.0678,2020-10-30 08:00:00
1912,51.0,Female,Pune,Books,4908.49,7799.32,41473.44,17.0,1.0,No,0.1836,2020-10-30 16:00:00
1913,23.0,Male,Mumbai,Books,5750.36,10786.6,50457.24,25.0,2.0,No,0.1299,2020-10-31 00:00:00
1914,19.0,Female,Hyderabad,Food,4199.6,6797.34,35074.65,11.0,2.0,No,0.0213,2020-10-31 08:00:00
1915,30.0,Other,Pune,Clothing,6831.23,12154.51,20060.41,22.0,5.0,No,0.1464,2020-10-31 16:00:00
1916,60.0,Female,Mumbai,Food,3684.84,7510.54,61630.19,4.0,4.0,No,0.2106,2020-11-01 00:00:00
1917,60.0,Female,Pune,Electronics,7568.06,14413.27,27050.04,7.0,5.0,No,0.154,2020-11-01 08:00:00
1918,65.0,Female,Chennai,Food,2378.55,4259.36,22747.3,21.0,3.0,No,0.2616,2020-11-01 16:00:00
1919,28.0,Male,Bangalore,Electronics,5652.16,8405.76,33224.44,26.0,2.0,Yes,0.0867,2020-11-02 00:00:00
1920,68.0,Male,Bangalore,Food,5713.15,13276.48,23007.94,14.0,3.0,Yes,0.0259,2020-11-02 08:00:00
1921,64.0,Female,Pune,Electronics,3806.66,8597.85,29474.62,7.0,5.0,No,0.281,2020-11-02 16:00:00
1922,40.0,Male,Delhi,Electronics,5636.59,10868.54,43132.28,24.0,4.0,No,0.1135,2020-11-03 00:00:00
1923,33.0,Female,Hyderabad,Electronics,6919.28,11701.5,43224.85,8.0,5.0,No,0.1729,2020-11-03 08:00:00
1924,48.0,Female,Hyderabad,Electronics,1674.77,2900.99,23180.92,1.0,4.0,No,0.2376,2020-11-03 16:00:00
1925,28.0,Male,Hyderabad,Food,5754.12,9814.0,35509.43,24.0,4.0,Yes,0.0973,2020-11-04 00:00:00
1926,33.0,Male,Chennai,Food,1260.09,3532.02,62141.32,22.0,2.913451511991658,Yes,0.2148,2020-11-04 08:00:00
1927,25.0,Female,Hyderabad,Clothing,3551.5,6655.2,46546.17,4.0,2.0,No,0.0406,2020-11-04 16:00:00
1928,21.0,Male,Bangalore,Electronics,7443.75,12614.59,102491.23,29.0,5.0,No,0.0874,2020-11-05 00:00:00
1929,57.0,Female,Chennai,Electronics,4127.33,6958.44,65516.94,12.0,4.0,Yes,0.0434,2020-11-05 08:00:00
1930,21.0,Male,Mumbai,Electronics,3239.18,6951.71,64353.5,24.0,5.0,No,0.2434,2020-11-05 16:00:00
1931,42.0,Female,Hyderabad,Electronics,4703.09,10065.66,18143.47,3.0,5.0,No,0.0668,2020-11-06 00:00:00
1932,20.0,Male,Hyderabad,Books,8101.86,16111.68,53206.2,13.0,4.0,No,0.2152,2020-11-06 08:00:00
1933,49.0,Female,Mumbai,Electronics,2252.48,4811.5,35363.89,20.0,3.0,No,0.283,2020-11-06 16:00:00
1934,20.0,Male,Hyderabad,Clothing,3423.04,5908.85,27570.71,6.0,2.0,Yes,0.1583,2020-11-07 00:00:00
1935,44.0,Female,Mumbai,Electronics,7246.15,9801.56,39498.09,11.0,2.0,No,0.162,2020-11-07 08:00:00
1936,46.0,Male,Chennai,Electronics,7786.55,14312.95,58256.2,23.0,1.0,No,0.1383,2020-11-07 16:00:00
1937,49.0,Female,Bangalore,Clothing,4844.85,8718.9,46649.42,4.0,1.0,No,0.0978,2020-11-08 00:00:00
1938,67.0,Female,Mumbai,Food,3141.42,5794.54,23406.36,20.0,1.0,Yes,0.1427,2020-11-08 08:00:00
1939,68.0,Male,Delhi,Electronics,8143.77,14712.68,52639.89,16.0,2.0,No,0.1808,2020-11-08 16:00:00
1940,36.0,Male,Mumbai,Electronics,7391.66,11978.73,26402.3,7.0,3.0,Yes,0.2958,2020-11-09 00:00:00
1941,38.0,Male,Hyderabad,Clothing,6018.42,11390.56,40471.02,22.0,2.0,Yes,0.2813,2020-11-09 08:00:00
1942,22.0,Female,Chennai,Electronics,3781.4,7438.74,35509.43,29.0,2.0,No,0.2586,2020-11-09 16:00:00
1943,43.946638207043755,Female,Pune,Electronics,4926.46,9549.97,32551.11,11.0,2.913451511991658,Yes,0.2667,2020-11-10 00:00:00
1944,45.0,Female,Chennai,Sports,4759.46,9513.61,53269.62,24.0,2.0,No,0.1404,2020-11-10 08:00:00
1945,43.946638207043755,Male,Pune,Food,5496.28,10497.36,21588.22,1.0,3.0,Yes,0.1972,2020-11-10 16:00:00
1946,39.0,Male,Mumbai,Clothing,7176.5,12507.67,96047.44,26.0,1.0,No,0.2685,2020-11-11 00:00:00
1947,38.0,Female,Bangalore,Clothing,6319.13,11303.6,14609.93,29.0,5.0,Yes,0.1179,2020-11-11 08:00:00
1948,23.0,Male,Delhi,Clothing,3383.94,6182.22,26934.58,27.0,1.0,Yes,0.2885,2020-11-11 16:00:00
1949,18.0,Other,Chennai,Clothing,7064.74,12824.23,43700.11,7.0,1.0,Yes,0.1247,2020-11-12 00:00:00
1950,22.0,Male,Hyderabad,Food,5469.7,10843.68,35509.43,12.0,5.0,No,0.1803,2020-11-12 08:00:00
1951,58.0,Female,Pune,Food,6030.6,11498.75,35509.43,7.0,2.0,No,0.2129,2020-11-12 16:00:00
1952,29.0,Male,Hyderabad,Electronics,7199.81,15037.0,35288.23,27.0,3.0,Yes,0.2852,2020-11-13 00:00:00
1953,43.0,Male,Bangalore,Clothing,3332.63,8205.2,35509.43,23.0,3.0,No,0.0734,2020-11-13 08:00:00
1954,63.0,Female,Pune,Clothing,4946.26,8982.92,32353.1,7.0,1.0,No,0.2238,2020-11-13 16:00:00
1955,51.0,Female,Chennai,Books,4202.82,3728.42,72881.54,10.0,5.0,No,0.1562,2020-11-14 00:00:00
1956,66.0,Other,Mumbai,Food,2648.21,6003.61,55252.81,16.0,4.0,Yes,0.0806,2020-11-14 08:00:00
1957,31.0,Male,Hyderabad,Clothing,5520.06,9395.73,56185.4,26.0,2.0,No,0.233,2020-11-14 16:00:00
1958,43.0,Male,Bangalore,Electronics,8767.33,14979.71,22402.36,8.0,1.0,Yes,0.1657,2020-11-15 00:00:00
1959,43.946638207043755,Female,Chennai,Food,2239.88,3633.34,34902.22,9.0,3.0,Yes,0.1983,2020-11-15 08:00:00
1960,44.0,Female,Chennai,Electronics,4951.58,8466.2,31249.76,9.0,5.0,No,0.0969,2020-11-15 16:00:00
1961,26.0,Male,Chennai,Electronics,5960.81,11341.73,21964.86,2.0,5.0,No,0.1444,2020-11-16 00:00:00
1962,43.0,Male,Chennai,Electronics,5184.62,7772.88,43481.12,13.0,1.0,Yes,0.1852,2020-11-16 08:00:00
1963,64.0,Male,Pune,Food,4830.31,7616.84,27755.16,13.0,4.0,Yes,0.1215,2020-11-16 16:00:00
1964,43.946638207043755,Female,Chennai,Electronics,3051.18,5835.28,50397.76,23.0,3.0,No,0.0595,2020-11-17 00:00:00
1965,64.0,Male,Chennai,Clothing,5349.18,10251.47,21266.84,23.0,1.0,No,0.2885,2020-11-17 08:00:00
1966,47.0,Male,Bangalore,Books,3864.85,7598.27,85778.21,4.0,4.0,Yes,0.1534,2020-11-17 16:00:00
1967,60.0,Male,Pune,Electronics,1715.12,2300.18,23198.29,25.0,5.0,No,0.2202,2020-11-18 00:00:00
1968,65.0,Male,Chennai,Clothing,6791.89,11247.14,40524.06,24.0,2.0,Yes,0.1233,2020-11-18 08:00:00
1969,34.0,Male,Delhi,Clothing,6437.58,11081.01,53956.3,12.0,3.0,Yes,0.1065,2020-11-18 16:00:00
1970,43.0,Female,Delhi,Electronics,5077.49,9379.35,27301.03,17.0,3.0,No,0.1221,2020-11-19 00:00:00
1971,53.0,Male,Bangalore,Food,5343.61,11103.98,55616.45,2.0,4.0,Yes,0.1228,2020-11-19 08:00:00
1972,18.0,Female,Mumbai,Electronics,6611.48,9853.23,19641.66,13.0,1.0,Yes,0.1633,2020-11-19 16:00:00
1973,25.0,Male,Mumbai,Clothing,5336.51,9384.99,75061.18,29.0,5.0,No,0.163,2020-11-20 00:00:00
1974,66.0,Female,Pune,Clothing,6356.03,10108.18,36573.33,18.0,4.0,No,0.1491,2020-11-20 08:00:00
1975,52.0,Female,Pune,Food,4553.78,6544.56,26951.5,28.0,2.0,Yes,0.0404,2020-11-20 16:00:00
1976,69.0,Female,Pune,Food,6967.98,13509.32,31269.83,28.0,2.0,No,0.1488,2020-11-21 00:00:00
1977,32.0,Female,Mumbai,Electronics,5481.18,10410.75,54418.51,27.0,2.0,No,0.0507,2020-11-21 08:00:00
1978,64.0,Male,Delhi,Electronics,5291.08,9973.38,27113.1,15.0,4.0,Yes,0.0378,2020-11-21 16:00:00
1979,43.946638207043755,Male,Mumbai,Food,3094.91,6491.86,24967.27,8.0,5.0,No,0.2798,2020-11-22 00:00:00
1980,31.0,Female,Hyderabad,Clothing,5430.43,9295.06,35509.43,15.0,3.0,Yes,0.1815,2020-11-22 08:00:00
1981,43.0,Other,Chennai,Books,3752.07,6321.09,20161.27,1.0,1.0,No,0.1978,2020-11-22 16:00:00
1982,45.0,Female,Pune,Books,4042.58,9462.37,35509.43,20.0,3.0,No,0.1205,2020-11-23 00:00:00
1983,40.0,Female,Delhi,Books,3776.94,6551.92,27359.05,10.0,5.0,No,0.2727,2020-11-23 08:00:00
1984,31.0,Female,Bangalore,Clothing,3400.65,6856.3,35509.43,12.0,3.0,Yes,0.1914,2020-11-23 16:00:00
1985,41.0,Male,Bangalore,Electronics,8187.16,14743.27,40325.33,5.0,4.0,No,0.2308,2020-11-24 00:00:00
1986,19.0,Male,Chennai,Food,6997.01,10746.36,22197.46,9.0,2.0,No,0.1106,2020-11-24 08:00:00
1987,62.0,Female,Delhi,Clothing,7880.55,12140.36,36207.54,23.0,5.0,Yes,0.288,2020-11-24 16:00:00
1988,43.946638207043755,Other,Mumbai,Electronics,3165.66,5119.2,53744.76,8.0,5.0,Yes,0.2461,2020-11-25 00:00:00
1989,31.0,Male,Mumbai,Books,5106.88,10248.49,33053.06,16.0,3.0,Yes,0.2562,2020-11-25 08:00:00
1990,68.0,Female,Hyderabad,Books,3059.74,6295.82,65943.69,14.0,4.0,No,0.0517,2020-11-25 16:00:00
1991,24.0,Male,Hyderabad,Clothing,3956.46,8035.71,60521.73,27.0,3.0,No,0.0813,2020-11-26 00:00:00
1992,20.0,Female,Mumbai,Electronics,3622.81,5534.01,57495.24,25.0,3.0,Yes,0.0857,2020-11-26 08:00:00
1993,64.0,Male,Bangalore,Clothing,6859.38,13962.76,28858.84,13.0,5.0,No,0.0813,2020-11-26 16:00:00
1994,40.0,Male,Pune,Books,4405.66,6965.29,21164.46,23.0,3.0,No,0.2566,2020-11-27 00:00:00
1995,63.0,Female,Bangalore,Sports,6602.57,12097.45,26721.03,21.0,2.0,No,0.0096,2020-11-27 08:00:00
1996,60.0,Male,Hyderabad,Electronics,5906.18,10620.77,40059.47,13.0,3.0,Yes,0.0228,2020-11-27 16:00:00
1997,64.0,Female,Chennai,Electronics,8455.46,15045.95,47709.86,5.0,2.0,No,0.0822,2020-11-28 00:00:00
1998,62.0,Female,Mumbai,Books,2780.83,6344.09,35509.43,16.0,5.0,Yes,0.06,2020-11-28 08:00:00
1999,35.0,Female,Hyderabad,Clothing,6888.85,11694.82,36168.48,26.0,4.0,Yes,0.0696,2020-11-28 16:00:00
2000,43.946638207043755,Male,Hyderabad,Clothing,6719.66,10745.78,39302.55,11.0,2.0,No,0.2394,2020-11-29 00:00:00
1076,43.0,Female,Delhi,Food,5873.04,10453.8,35509.43,26.0,1.0,No,0.1868,2020-01-26 00:00:00
